corpus: manifest=working/video/films_video_manifest.jsonl corpus_dir=/home/ssm-user/films_corpus/subset [manifest meta]
=== FILMS RUN: LI N16xT2 -> RR default -> RR M16xT2; C=16; passes=2; seq_n=5; gate3=films-staging-20260901T203906Z-1560b286; liveness=0.385 -> working/video/results/films_mainrun_20260901T204015Z ===
--- 0. corpus verify (read-only, full sha256) ---
+ /home/ssm-user/.venv/bin/python working/video/fetch_ami_video.py --verify --manifest working/video/films_video_manifest.jsonl --corpus-dir /home/ssm-user/films_corpus/subset
MANIFEST MODE — VERIFY (sha256; read-only, never fetches): 37 files defined by films_video_manifest.jsonl (built 2026-08-30T02:37:47Z); corpus_dir=/home/ssm-user/films_corpus/subset [explicit (agrees with manifest meta)]
verifying against the manifest (sha256) ...
DONE verified=37/37 against films_video_manifest.jsonl (sha256) at /home/ssm-user/films_corpus/subset; roles: 35 measured, 2 warm
--- 1. LlamaIndex N16xT2 (one lifetime for the LI block; warm-up per leg) ---
+ docker run -d --name rr --memory 58g --log-opt max-size=200m --network host rr:patched-video
c5f65f243135f1157e25a018b24379a6bd674b97ebd785a16144ac656cefb07f
+ /home/ssm-user/.venv/bin/python working/video/probe/wait_ready.py --arm rr --port 5565 --deadline 1800 --container rr
{
 "network_mode": "host",
 "ready": true,
 "arm": "rr",
 "port": 5565,
 "wall_s": 5.0,
 "attempts": 2
}
container rr [unset]: id=c5f65f243135 created=2026-09-01T20:44:04.44105891Z age=5s
+ docker run -d --name li_bal_0 --memory 3g -e OMP_NUM_THREADS=2 -e MKL_NUM_THREADS=2 -e OPENBLAS_NUM_THREADS=2 -e VECLIB_MAXIMUM_THREADS=2 -e NUMEXPR_NUM_THREADS=2 -e TORCH_NUM_THREADS=2 -e WS1V_WORKERS=1 --log-opt max-size=200m --network host --entrypoint sh li:video -c rm -rf /tmp/ws1v_warm; exec python -m uvicorn li_video.service:app --host 0.0.0.0 --port 8802 --workers 1 --loop uvloop --http httptools --no-access-log --log-level warning --timeout-keep-alive 30
d407babbac8631afcf617557d0ce529d8adecc6d3824e3d51631e0764525a222
+ docker run -d --name li_bal_1 --memory 3g -e OMP_NUM_THREADS=2 -e MKL_NUM_THREADS=2 -e OPENBLAS_NUM_THREADS=2 -e VECLIB_MAXIMUM_THREADS=2 -e NUMEXPR_NUM_THREADS=2 -e TORCH_NUM_THREADS=2 -e WS1V_WORKERS=1 --log-opt max-size=200m --network host --entrypoint sh li:video -c rm -rf /tmp/ws1v_warm; exec python -m uvicorn li_video.service:app --host 0.0.0.0 --port 8803 --workers 1 --loop uvloop --http httptools --no-access-log --log-level warning --timeout-keep-alive 30
28951099e59bdb9866766f96adaf13adb7b8bc6ce7ba6ee64c622aef1417617f
+ docker run -d --name li_bal_2 --memory 3g -e OMP_NUM_THREADS=2 -e MKL_NUM_THREADS=2 -e OPENBLAS_NUM_THREADS=2 -e VECLIB_MAXIMUM_THREADS=2 -e NUMEXPR_NUM_THREADS=2 -e TORCH_NUM_THREADS=2 -e WS1V_WORKERS=1 --log-opt max-size=200m --network host --entrypoint sh li:video -c rm -rf /tmp/ws1v_warm; exec python -m uvicorn li_video.service:app --host 0.0.0.0 --port 8804 --workers 1 --loop uvloop --http httptools --no-access-log --log-level warning --timeout-keep-alive 30
5b0cdac3832dac2d6072322d9e8fb36969120f8bb87ff03844717e875ea0045a
+ docker run -d --name li_bal_3 --memory 3g -e OMP_NUM_THREADS=2 -e MKL_NUM_THREADS=2 -e OPENBLAS_NUM_THREADS=2 -e VECLIB_MAXIMUM_THREADS=2 -e NUMEXPR_NUM_THREADS=2 -e TORCH_NUM_THREADS=2 -e WS1V_WORKERS=1 --log-opt max-size=200m --network host --entrypoint sh li:video -c rm -rf /tmp/ws1v_warm; exec python -m uvicorn li_video.service:app --host 0.0.0.0 --port 8805 --workers 1 --loop uvloop --http httptools --no-access-log --log-level warning --timeout-keep-alive 30
7f5933b78a6a6d4b8b34ebf39b31b11924b6ddfdaada22c22f8f75890112148d
+ docker run -d --name li_bal_4 --memory 3g -e OMP_NUM_THREADS=2 -e MKL_NUM_THREADS=2 -e OPENBLAS_NUM_THREADS=2 -e VECLIB_MAXIMUM_THREADS=2 -e NUMEXPR_NUM_THREADS=2 -e TORCH_NUM_THREADS=2 -e WS1V_WORKERS=1 --log-opt max-size=200m --network host --entrypoint sh li:video -c rm -rf /tmp/ws1v_warm; exec python -m uvicorn li_video.service:app --host 0.0.0.0 --port 8806 --workers 1 --loop uvloop --http httptools --no-access-log --log-level warning --timeout-keep-alive 30
2740d508ad53877e29dbfc426809645c29bffd3480ff9b28303f9731ba521717
+ docker run -d --name li_bal_5 --memory 3g -e OMP_NUM_THREADS=2 -e MKL_NUM_THREADS=2 -e OPENBLAS_NUM_THREADS=2 -e VECLIB_MAXIMUM_THREADS=2 -e NUMEXPR_NUM_THREADS=2 -e TORCH_NUM_THREADS=2 -e WS1V_WORKERS=1 --log-opt max-size=200m --network host --entrypoint sh li:video -c rm -rf /tmp/ws1v_warm; exec python -m uvicorn li_video.service:app --host 0.0.0.0 --port 8807 --workers 1 --loop uvloop --http httptools --no-access-log --log-level warning --timeout-keep-alive 30
1be5353b1627b6fb004157cb9ea240128b63a011bf5d034b5cc7a136c45cd2df
+ docker run -d --name li_bal_6 --memory 3g -e OMP_NUM_THREADS=2 -e MKL_NUM_THREADS=2 -e OPENBLAS_NUM_THREADS=2 -e VECLIB_MAXIMUM_THREADS=2 -e NUMEXPR_NUM_THREADS=2 -e TORCH_NUM_THREADS=2 -e WS1V_WORKERS=1 --log-opt max-size=200m --network host --entrypoint sh li:video -c rm -rf /tmp/ws1v_warm; exec python -m uvicorn li_video.service:app --host 0.0.0.0 --port 8808 --workers 1 --loop uvloop --http httptools --no-access-log --log-level warning --timeout-keep-alive 30
07bfc6a6e781d3a13b21a01d40ee397bc59892efe05cca3496cae1b41120e6c0
+ docker run -d --name li_bal_7 --memory 3g -e OMP_NUM_THREADS=2 -e MKL_NUM_THREADS=2 -e OPENBLAS_NUM_THREADS=2 -e VECLIB_MAXIMUM_THREADS=2 -e NUMEXPR_NUM_THREADS=2 -e TORCH_NUM_THREADS=2 -e WS1V_WORKERS=1 --log-opt max-size=200m --network host --entrypoint sh li:video -c rm -rf /tmp/ws1v_warm; exec python -m uvicorn li_video.service:app --host 0.0.0.0 --port 8809 --workers 1 --loop uvloop --http httptools --no-access-log --log-level warning --timeout-keep-alive 30
d53fa47f873f22144831aaa2d3b6db9ce5e043222ef1432769f15be57f371b4e
+ docker run -d --name li_bal_8 --memory 3g -e OMP_NUM_THREADS=2 -e MKL_NUM_THREADS=2 -e OPENBLAS_NUM_THREADS=2 -e VECLIB_MAXIMUM_THREADS=2 -e NUMEXPR_NUM_THREADS=2 -e TORCH_NUM_THREADS=2 -e WS1V_WORKERS=1 --log-opt max-size=200m --network host --entrypoint sh li:video -c rm -rf /tmp/ws1v_warm; exec python -m uvicorn li_video.service:app --host 0.0.0.0 --port 8810 --workers 1 --loop uvloop --http httptools --no-access-log --log-level warning --timeout-keep-alive 30
4adaef4e6e0c771a6e12aef95c8d7b6b8d742975c2301d4fb4495cf362301c44
+ docker run -d --name li_bal_9 --memory 3g -e OMP_NUM_THREADS=2 -e MKL_NUM_THREADS=2 -e OPENBLAS_NUM_THREADS=2 -e VECLIB_MAXIMUM_THREADS=2 -e NUMEXPR_NUM_THREADS=2 -e TORCH_NUM_THREADS=2 -e WS1V_WORKERS=1 --log-opt max-size=200m --network host --entrypoint sh li:video -c rm -rf /tmp/ws1v_warm; exec python -m uvicorn li_video.service:app --host 0.0.0.0 --port 8811 --workers 1 --loop uvloop --http httptools --no-access-log --log-level warning --timeout-keep-alive 30
0a10cb6b807f9e463029b56f81259a7d4ec928c1194a128d04044e910274a311
+ docker run -d --name li_bal_10 --memory 3g -e OMP_NUM_THREADS=2 -e MKL_NUM_THREADS=2 -e OPENBLAS_NUM_THREADS=2 -e VECLIB_MAXIMUM_THREADS=2 -e NUMEXPR_NUM_THREADS=2 -e TORCH_NUM_THREADS=2 -e WS1V_WORKERS=1 --log-opt max-size=200m --network host --entrypoint sh li:video -c rm -rf /tmp/ws1v_warm; exec python -m uvicorn li_video.service:app --host 0.0.0.0 --port 8812 --workers 1 --loop uvloop --http httptools --no-access-log --log-level warning --timeout-keep-alive 30
d1e0cdf97244c9e7e53d206088a11d0ddd479ca02e7f7e7e81085c3f1de4903e
+ docker run -d --name li_bal_11 --memory 3g -e OMP_NUM_THREADS=2 -e MKL_NUM_THREADS=2 -e OPENBLAS_NUM_THREADS=2 -e VECLIB_MAXIMUM_THREADS=2 -e NUMEXPR_NUM_THREADS=2 -e TORCH_NUM_THREADS=2 -e WS1V_WORKERS=1 --log-opt max-size=200m --network host --entrypoint sh li:video -c rm -rf /tmp/ws1v_warm; exec python -m uvicorn li_video.service:app --host 0.0.0.0 --port 8813 --workers 1 --loop uvloop --http httptools --no-access-log --log-level warning --timeout-keep-alive 30
bebbddf6c12e61ac524267a54036a0b3421417f7a893b985e2c07324f8452349
+ docker run -d --name li_bal_12 --memory 3g -e OMP_NUM_THREADS=2 -e MKL_NUM_THREADS=2 -e OPENBLAS_NUM_THREADS=2 -e VECLIB_MAXIMUM_THREADS=2 -e NUMEXPR_NUM_THREADS=2 -e TORCH_NUM_THREADS=2 -e WS1V_WORKERS=1 --log-opt max-size=200m --network host --entrypoint sh li:video -c rm -rf /tmp/ws1v_warm; exec python -m uvicorn li_video.service:app --host 0.0.0.0 --port 8814 --workers 1 --loop uvloop --http httptools --no-access-log --log-level warning --timeout-keep-alive 30
3a62a31738b61e9d44277d81dd43762398cf82928b74e0a6a0769e6577111dc1
+ docker run -d --name li_bal_13 --memory 3g -e OMP_NUM_THREADS=2 -e MKL_NUM_THREADS=2 -e OPENBLAS_NUM_THREADS=2 -e VECLIB_MAXIMUM_THREADS=2 -e NUMEXPR_NUM_THREADS=2 -e TORCH_NUM_THREADS=2 -e WS1V_WORKERS=1 --log-opt max-size=200m --network host --entrypoint sh li:video -c rm -rf /tmp/ws1v_warm; exec python -m uvicorn li_video.service:app --host 0.0.0.0 --port 8815 --workers 1 --loop uvloop --http httptools --no-access-log --log-level warning --timeout-keep-alive 30
22379d555887bf9c2a42066a8c5edaad2ae12c18a8960dbf31f32d77e86df703
+ docker run -d --name li_bal_14 --memory 3g -e OMP_NUM_THREADS=2 -e MKL_NUM_THREADS=2 -e OPENBLAS_NUM_THREADS=2 -e VECLIB_MAXIMUM_THREADS=2 -e NUMEXPR_NUM_THREADS=2 -e TORCH_NUM_THREADS=2 -e WS1V_WORKERS=1 --log-opt max-size=200m --network host --entrypoint sh li:video -c rm -rf /tmp/ws1v_warm; exec python -m uvicorn li_video.service:app --host 0.0.0.0 --port 8816 --workers 1 --loop uvloop --http httptools --no-access-log --log-level warning --timeout-keep-alive 30
07c56568106080803dc269753afd15a855146d733e0ae61705d2ef3f6388a033
+ docker run -d --name li_bal_15 --memory 3g -e OMP_NUM_THREADS=2 -e MKL_NUM_THREADS=2 -e OPENBLAS_NUM_THREADS=2 -e VECLIB_MAXIMUM_THREADS=2 -e NUMEXPR_NUM_THREADS=2 -e TORCH_NUM_THREADS=2 -e WS1V_WORKERS=1 --log-opt max-size=200m --network host --entrypoint sh li:video -c rm -rf /tmp/ws1v_warm; exec python -m uvicorn li_video.service:app --host 0.0.0.0 --port 8817 --workers 1 --loop uvloop --http httptools --no-access-log --log-level warning --timeout-keep-alive 30
87e6fe4e2f49ff14b2a3741c4e88724c7253a958d8ed3db47990d44458587437
+ /home/ssm-user/.venv/bin/python working/video/probe/wait_ready.py --arm li --port 8802 --workers 1 --container li_bal_0 --deadline 1200
{
 "network_mode": "host",
 "ready": true,
 "arm": "li",
 "port": 8802,
 "wall_s": 20.0,
 "attempts": 5,
 "warm_workers": 1,
 "pid": 1
}
container li_bal_0 [N16xT2]: id=d407babbac86 created=2026-09-01T20:44:10.200806187Z age=23s
+ /home/ssm-user/.venv/bin/python working/video/probe/wait_ready.py --arm li --port 8803 --workers 1 --container li_bal_1 --deadline 1200
{
 "network_mode": "host",
 "ready": true,
 "arm": "li",
 "port": 8803,
 "wall_s": 0.0,
 "attempts": 1,
 "warm_workers": 1,
 "pid": 1
}
container li_bal_1 [N16xT2]: id=28951099e59b created=2026-09-01T20:44:10.459515508Z age=23s
+ /home/ssm-user/.venv/bin/python working/video/probe/wait_ready.py --arm li --port 8804 --workers 1 --container li_bal_2 --deadline 1200
{
 "network_mode": "host",
 "ready": true,
 "arm": "li",
 "port": 8804,
 "wall_s": 0.0,
 "attempts": 1,
 "warm_workers": 1,
 "pid": 1
}
container li_bal_2 [N16xT2]: id=5b0cdac3832d created=2026-09-01T20:44:10.647442017Z age=23s
+ /home/ssm-user/.venv/bin/python working/video/probe/wait_ready.py --arm li --port 8805 --workers 1 --container li_bal_3 --deadline 1200
{
 "network_mode": "host",
 "ready": true,
 "arm": "li",
 "port": 8805,
 "wall_s": 0.0,
 "attempts": 1,
 "warm_workers": 1,
 "pid": 1
}
container li_bal_3 [N16xT2]: id=7f5933b78a6a created=2026-09-01T20:44:10.840315498Z age=22s
+ /home/ssm-user/.venv/bin/python working/video/probe/wait_ready.py --arm li --port 8806 --workers 1 --container li_bal_4 --deadline 1200
{
 "network_mode": "host",
 "ready": true,
 "arm": "li",
 "port": 8806,
 "wall_s": 0.0,
 "attempts": 1,
 "warm_workers": 1,
 "pid": 1
}
container li_bal_4 [N16xT2]: id=2740d508ad53 created=2026-09-01T20:44:11.025399546Z age=22s
+ /home/ssm-user/.venv/bin/python working/video/probe/wait_ready.py --arm li --port 8807 --workers 1 --container li_bal_5 --deadline 1200
{
 "network_mode": "host",
 "ready": true,
 "arm": "li",
 "port": 8807,
 "wall_s": 0.0,
 "attempts": 1,
 "warm_workers": 1,
 "pid": 1
}
container li_bal_5 [N16xT2]: id=1be5353b1627 created=2026-09-01T20:44:11.210130208Z age=22s
+ /home/ssm-user/.venv/bin/python working/video/probe/wait_ready.py --arm li --port 8808 --workers 1 --container li_bal_6 --deadline 1200
{
 "network_mode": "host",
 "ready": true,
 "arm": "li",
 "port": 8808,
 "wall_s": 0.0,
 "attempts": 1,
 "warm_workers": 1,
 "pid": 1
}
container li_bal_6 [N16xT2]: id=07bfc6a6e781 created=2026-09-01T20:44:11.405330863Z age=22s
+ /home/ssm-user/.venv/bin/python working/video/probe/wait_ready.py --arm li --port 8809 --workers 1 --container li_bal_7 --deadline 1200
{
 "network_mode": "host",
 "ready": true,
 "arm": "li",
 "port": 8809,
 "wall_s": 0.0,
 "attempts": 1,
 "warm_workers": 1,
 "pid": 1
}
container li_bal_7 [N16xT2]: id=d53fa47f873f created=2026-09-01T20:44:11.607854925Z age=22s
+ /home/ssm-user/.venv/bin/python working/video/probe/wait_ready.py --arm li --port 8810 --workers 1 --container li_bal_8 --deadline 1200
{
 "network_mode": "host",
 "ready": true,
 "arm": "li",
 "port": 8810,
 "wall_s": 0.0,
 "attempts": 1,
 "warm_workers": 1,
 "pid": 1
}
container li_bal_8 [N16xT2]: id=4adaef4e6e0c created=2026-09-01T20:44:11.787237978Z age=22s
+ /home/ssm-user/.venv/bin/python working/video/probe/wait_ready.py --arm li --port 8811 --workers 1 --container li_bal_9 --deadline 1200
{
 "network_mode": "host",
 "ready": true,
 "arm": "li",
 "port": 8811,
 "wall_s": 0.0,
 "attempts": 1,
 "warm_workers": 1,
 "pid": 1
}
container li_bal_9 [N16xT2]: id=0a10cb6b807f created=2026-09-01T20:44:11.986642697Z age=22s
+ /home/ssm-user/.venv/bin/python working/video/probe/wait_ready.py --arm li --port 8812 --workers 1 --container li_bal_10 --deadline 1200
{
 "network_mode": "host",
 "ready": true,
 "arm": "li",
 "port": 8812,
 "wall_s": 0.0,
 "attempts": 1,
 "warm_workers": 1,
 "pid": 1
}
container li_bal_10 [N16xT2]: id=d1e0cdf97244 created=2026-09-01T20:44:12.171098502Z age=22s
+ /home/ssm-user/.venv/bin/python working/video/probe/wait_ready.py --arm li --port 8813 --workers 1 --container li_bal_11 --deadline 1200
{
 "network_mode": "host",
 "ready": true,
 "arm": "li",
 "port": 8813,
 "wall_s": 0.0,
 "attempts": 1,
 "warm_workers": 1,
 "pid": 1
}
container li_bal_11 [N16xT2]: id=bebbddf6c12e created=2026-09-01T20:44:12.366621705Z age=22s
+ /home/ssm-user/.venv/bin/python working/video/probe/wait_ready.py --arm li --port 8814 --workers 1 --container li_bal_12 --deadline 1200
{
 "network_mode": "host",
 "ready": true,
 "arm": "li",
 "port": 8814,
 "wall_s": 0.0,
 "attempts": 1,
 "warm_workers": 1,
 "pid": 1
}
container li_bal_12 [N16xT2]: id=3a62a31738b6 created=2026-09-01T20:44:12.556080682Z age=22s
+ /home/ssm-user/.venv/bin/python working/video/probe/wait_ready.py --arm li --port 8815 --workers 1 --container li_bal_13 --deadline 1200
{
 "network_mode": "host",
 "ready": true,
 "arm": "li",
 "port": 8815,
 "wall_s": 0.0,
 "attempts": 1,
 "warm_workers": 1,
 "pid": 1
}
container li_bal_13 [N16xT2]: id=22379d555887 created=2026-09-01T20:44:12.742258294Z age=22s
+ /home/ssm-user/.venv/bin/python working/video/probe/wait_ready.py --arm li --port 8816 --workers 1 --container li_bal_14 --deadline 1200
{
 "network_mode": "host",
 "ready": true,
 "arm": "li",
 "port": 8816,
 "wall_s": 0.0,
 "attempts": 1,
 "warm_workers": 1,
 "pid": 1
}
container li_bal_14 [N16xT2]: id=07c565681060 created=2026-09-01T20:44:12.922349413Z age=22s
+ /home/ssm-user/.venv/bin/python working/video/probe/wait_ready.py --arm li --port 8817 --workers 1 --container li_bal_15 --deadline 1200
{
 "network_mode": "host",
 "ready": true,
 "arm": "li",
 "port": 8817,
 "wall_s": 0.0,
 "attempts": 1,
 "warm_workers": 1,
 "pid": 1
}
container li_bal_15 [N16xT2]: id=87e6fe4e2f49 created=2026-09-01T20:44:13.108550245Z age=22s
+ /home/ssm-user/.venv/bin/python working/video/smoke_video.py --rr-container rr --li-container li_bal_0 --rr-threads-env unset --pdf-corpus /home/ssm-user/parity-bench-video/corpus/govdocs1/pdfs --manifest working/video/films_video_manifest.jsonl --corpus-dir /home/ssm-user/films_corpus/subset --golden working/video/golden_films_record.json
corpus_dir=/home/ssm-user/films_corpus/subset [explicit (agrees with manifest meta)]

0. static gate — undefined names in any branch (#36 class)
  PASS  36 files, no undefined names
  PASS  SDK static scan — 69 files inside the verified surface (null control fired)

0b. Dockerfile ENTRYPOINT/CMD shell strings (never executed before first build; bash -n is blind here)
  PASS  1 ENTRYPOINT/CMD line(s), all tokens inside the measured uvicorn surface (null control fired)

A. image identity — label asserts, the PDF fixture MEASURES (~2 min)
[engine] driving pid=None (matched by listening socket, not name)
  PASS  label=1 and all 5 fixture documents at exactly half their stock counts, no doubling — the patch MEASURED, not asserted by a label

(golden video: shortest measured item HouseOnBareMountain.mp4 3718.99s)

B. golden record — HouseOnBareMountain.mp4 through the measured pipe (compare)
  golden upload: chunked-1MiB x 528 (11.72s up, 41.46s close)
  PASS  153 chunks identical to golden

C. read-backs — flags, corpus, quiet box
  network mode: {'rr': 'host', 'li_bal_0': 'host'} (Crossroad 22: host, both arms)
  PASS  DONE verified=37/37 against films_video_manifest.jsonl (size only — pass --verify for sha256) at /home/ssm-user/films_corpus/subset; roles: 35 measured, 2 warm
  PASS  quiet box PASS foreign 0.03 vs threshold 2.0 — host busy 1.05 − containers 1.01 {'rr': 1.007, 'li_bal_0': 0.006} − ours 0.01 [instantaneous (/proc/stat busy − containers − ours)]; load1 13.14 (lagging, by-load1 foreign 12.11); 1 reading(s) over 4.2s, trend SINGLE READING
  PASS  interpreter /home/ssm-user/.venv/bin/python (venv)
  PASS  SDK rocketride 1.3.0 at /home/ssm-user/.venv/lib/python3.12/site-packages/rocketride/__init__.py (entry points verified, null control fired)

D. thread pins — BOTH arms, in-process; absence fails before agreement
[driver] LI: warm_workers=1 declared=1 over 1 instance(s)  detect_impl=rfdetr
  PASS  per-arm pins declared==measured (rr expected 'unset': declared {}); cross-arm in-process torch {'rr': 16, 'li': 2} (recorded, per-arm optima)
  PASS  rf-detr-base.pth md5 matches the 1.5.2 registry on BOTH arms
  interpreter versions (declared, per arm): {'rr_task': '3.12.13', 'li_workers': ['3.12.13']} (engine embeds its own CPython — the container PATH python is a different interpreter that never runs node code)

elapsed 146.9s — PASS (0 failures) -> /home/ssm-user/parity-bench-video/working/video/results/smoke_video_20260901T204702Z.json
+ /home/ssm-user/.venv/bin/python working/video/driver_video.py --out-dir working/video/results/films_mainrun_20260901T204015Z --manifest working/video/films_video_manifest.jsonl --corpus-dir /home/ssm-user/films_corpus/subset --arm llamaindex --leg sequential --n 5 --li-ports 8802-8817 --li-containers li_bal_0,li_bal_1,li_bal_2,li_bal_3,li_bal_4,li_bal_5,li_bal_6,li_bal_7,li_bal_8,li_bal_9,li_bal_10,li_bal_11,li_bal_12,li_bal_13,li_bal_14,li_bal_15 --liveness-min-fraction 0.385 --image-lineage docker/Dockerfile.llamaindex-video at the Ruling-L config (4000/0): FULL 149-pin freeze install from li_video/li_image_freeze.txt with a fail-closed build-time read-back (pip freeze == freeze file; b295dea), streaming reader (spool -> frames-on-disk -> k=1), chunk config read back per leg from every worker's /health by the driver preflight (Ruling T item 3).
[driver] driver lock held: /tmp/driver_video_llamaindex.lock (pid 6475)
[driver] LI: warm_workers=16 declared=16 over 16 instance(s) [8802, 8803, 8804, 8805, 8806, 8807, 8808, 8809, 8810, 8811, 8812, 8813, 8814, 8815, 8816, 8817] detect_impl=rfdetr
[driver] LI balanced mode: driver round-robins ports per send (kernel accept replaced — LI_SERVING_SKEW.md ruling)
[driver] preflight: manifest
[driver] preflight: corpus_dir=/home/ssm-user/films_corpus/subset [explicit (agrees with manifest meta)]
[driver] preflight: container flags
[driver] preflight: network mode {'li_bal_0': 'host', 'li_bal_1': 'host', 'li_bal_2': 'host', 'li_bal_3': 'host', 'li_bal_4': 'host', 'li_bal_5': 'host', 'li_bal_6': 'host', 'li_bal_7': 'host', 'li_bal_8': 'host', 'li_bal_9': 'host', 'li_bal_10': 'host', 'li_bal_11': 'host', 'li_bal_12': 'host', 'li_bal_13': 'host', 'li_bal_14': 'host', 'li_bal_15': 'host'} (Crossroad 22: host, both arms)
[driver] preflight: quiet box PASS foreign 1.06 vs threshold 2.0 — host busy 1.21 − containers 0.08 {'li_bal_0': 0.005, 'li_bal_1': 0.006, 'li_bal_2': 0.006, 'li_bal_3': 0.005, 'li_bal_4': 0.005, 'li_bal_5': 0.006, 'li_bal_6': 0.006, 'li_bal_7': 0.005, 'li_bal_8': 0.005, 'li_bal_9': 0.005, 'li_bal_10': 0.005, 'li_bal_11': 0.005, 'li_bal_12': 0.005, 'li_bal_13': 0.005, 'li_bal_14': 0.005, 'li_bal_15': 0.005} − ours 0.062 [instantaneous (/proc/stat busy − containers − ours)]; load1 9.91 (lagging, by-load1 foreign 9.5); 1 reading(s) over 5.5s, trend SINGLE READING
[driver] preflight: read-backs (absence fails before agreement)
[driver] idle burden: 0.07 cores with 16 instance(s) live = 0.2% of the box before any work (pre-instance baseline 0.084)
[driver] preflight PASSED — llamaindex_video workers[declared_workers=16] leg=sequential n=5
[driver] cache eviction: rc=0 }
[driver] warm-up: 2 disjoint items
[driver] warm-up wave 1/2: 32 concurrent sends over 2 warm rows -> 16/16 worker pids observed
[driver] warm-up consumed 32 send(s) over 2 warm rows (1 wave(s) x 32 concurrent (max(2 x 16 workers, leg concurrency 1)) — Crossroad 40; warm SET re-sent per Crossroad 32; warmth gated on warm markers, Crossroad 41)
[driver] warm-up ledger: warmup_llamaindex_video_workers_sequential.json
[driver] warm-up gate: 16/16 warm markers present (Crossroad 41)
[driver] warm-up distribution (REPORTED, not gated): 16/16 distinct response pids over 32 sends; busiest 2, quietest 2 — kernel accept skew, published
[driver] warm-up complete: tokens=n/a worker_pids=16
[driver] service CPU bracket: summing 16 container cgroup(s): ['li_bal_0', 'li_bal_1', 'li_bal_2', 'li_bal_3', 'li_bal_4', 'li_bal_5', 'li_bal_6', 'li_bal_7', 'li_bal_8', 'li_bal_9', 'li_bal_10', 'li_bal_11', 'li_bal_12', 'li_bal_13', 'li_bal_14', 'li_bal_15']
[driver] stream residency: max 1 concurrent in-flight (cap = 1); sha pass off-loop via to_thread; no whole blob held (streaming refactor 2026-08-27, DIAG_M1_BLAST discipline kept)
[driver] export: working/video/results/films_mainrun_20260901T204015Z/export_llamaindex_video_workers_sequential.json
[driver] AT A GLANCE: llamaindex_video workers[declared_workers=16] sequential pass 1 records 6 (errors 0) / offered 5 | THROUGHPUT 1.939 frames/s (23.3x realtime), steady window undefined | SERVICE CPU 2.165 cores = 6.8% of 32 | IDLE BURDEN 0.066 cores with 16 li_workers live = 0.2% of the box before any work (beside, never subtracted) | thread env expected None / in-process torch 2 | gates PASS 8 · NOT RUN 0 · FAIL 0 | efficiency valid=True | COLLECTOR ok
--- LI blast pass 1/2 ---
+ /home/ssm-user/.venv/bin/python working/video/driver_video.py --out-dir working/video/results/films_mainrun_20260901T204015Z --manifest working/video/films_video_manifest.jsonl --corpus-dir /home/ssm-user/films_corpus/subset --arm llamaindex --leg blast --n 35 --blast-concurrency 16 --pass 1 --li-ports 8802-8817 --li-containers li_bal_0,li_bal_1,li_bal_2,li_bal_3,li_bal_4,li_bal_5,li_bal_6,li_bal_7,li_bal_8,li_bal_9,li_bal_10,li_bal_11,li_bal_12,li_bal_13,li_bal_14,li_bal_15 --liveness-min-fraction 0.385 --image-lineage docker/Dockerfile.llamaindex-video at the Ruling-L config (4000/0): FULL 149-pin freeze install from li_video/li_image_freeze.txt with a fail-closed build-time read-back (pip freeze == freeze file; b295dea), streaming reader (spool -> frames-on-disk -> k=1), chunk config read back per leg from every worker's /health by the driver preflight (Ruling T item 3).
[driver] driver lock held: /tmp/driver_video_llamaindex.lock (pid 15543)
[driver] LI: warm_workers=16 declared=16 over 16 instance(s) [8802, 8803, 8804, 8805, 8806, 8807, 8808, 8809, 8810, 8811, 8812, 8813, 8814, 8815, 8816, 8817] detect_impl=rfdetr
[driver] LI balanced mode: driver round-robins ports per send (kernel accept replaced — LI_SERVING_SKEW.md ruling)
[driver] preflight: manifest
[driver] preflight: corpus_dir=/home/ssm-user/films_corpus/subset [explicit (agrees with manifest meta)]
[driver] preflight: container flags
[driver] preflight: network mode {'li_bal_0': 'host', 'li_bal_1': 'host', 'li_bal_2': 'host', 'li_bal_3': 'host', 'li_bal_4': 'host', 'li_bal_5': 'host', 'li_bal_6': 'host', 'li_bal_7': 'host', 'li_bal_8': 'host', 'li_bal_9': 'host', 'li_bal_10': 'host', 'li_bal_11': 'host', 'li_bal_12': 'host', 'li_bal_13': 'host', 'li_bal_14': 'host', 'li_bal_15': 'host'} (Crossroad 22: host, both arms)
[driver] preflight: quiet box PASS foreign 1.07 vs threshold 2.0 — host busy 1.22 − containers 0.08 {'li_bal_0': 0.005, 'li_bal_1': 0.005, 'li_bal_2': 0.005, 'li_bal_3': 0.005, 'li_bal_4': 0.005, 'li_bal_5': 0.005, 'li_bal_6': 0.005, 'li_bal_7': 0.006, 'li_bal_8': 0.006, 'li_bal_9': 0.005, 'li_bal_10': 0.006, 'li_bal_11': 0.005, 'li_bal_12': 0.006, 'li_bal_13': 0.005, 'li_bal_14': 0.005, 'li_bal_15': 0.005} − ours 0.062 [instantaneous (/proc/stat busy − containers − ours)]; load1 2.83 (lagging, by-load1 foreign 2.42); 1 reading(s) over 5.5s, trend SINGLE READING
[driver] preflight: read-backs (absence fails before agreement)
[driver] idle burden: 0.07 cores with 16 instance(s) live = 0.2% of the box before any work (pre-instance baseline 0.084)
[driver] preflight PASSED — llamaindex_video workers[declared_workers=16] leg=blast n=35
[driver] cache eviction: rc=0 }
[driver] warm-up: 2 disjoint items
[driver] warm-up wave 1/2: 32 concurrent sends over 2 warm rows -> 16/16 worker pids observed
[driver] warm-up consumed 32 send(s) over 2 warm rows (1 wave(s) x 32 concurrent (max(2 x 16 workers, leg concurrency 16)) — Crossroad 40; warm SET re-sent per Crossroad 32; warmth gated on warm markers, Crossroad 41)
[driver] warm-up ledger: warmup_llamaindex_video_workers_blast.json
[driver] warm-up gate: 16/16 warm markers present (Crossroad 41)
[driver] warm-up distribution (REPORTED, not gated): 16/16 distinct response pids over 32 sends; busiest 2, quietest 2 — kernel accept skew, published
[driver] warm-up complete: tokens=n/a worker_pids=16
[driver] service CPU bracket: summing 16 container cgroup(s): ['li_bal_0', 'li_bal_1', 'li_bal_2', 'li_bal_3', 'li_bal_4', 'li_bal_5', 'li_bal_6', 'li_bal_7', 'li_bal_8', 'li_bal_9', 'li_bal_10', 'li_bal_11', 'li_bal_12', 'li_bal_13', 'li_bal_14', 'li_bal_15']
[driver] stream residency: max 16 concurrent in-flight (cap = 16); sha pass off-loop via to_thread; no whole blob held (streaming refactor 2026-08-27, DIAG_M1_BLAST discipline kept)
[driver] export: working/video/results/films_mainrun_20260901T204015Z/export_llamaindex_video_workers_blast.json
[driver] AT A GLANCE: llamaindex_video workers[declared_workers=16] blast pass 1 records 35 (errors 0) / offered 35 | THROUGHPUT 10.145 frames/s (152.14x realtime), steady window 8.634 frames/s (n=17) | SERVICE CPU 21.582 cores = 67.4% of 32 | IDLE BURDEN 0.066 cores with 16 li_workers live = 0.2% of the box before any work (beside, never subtracted) | thread env expected None / in-process torch 2 | gates PASS 7 · NOT RUN 1 · FAIL 0 | efficiency valid=True | COLLECTOR ok
--- LI blast pass 2/2 ---
+ /home/ssm-user/.venv/bin/python working/video/driver_video.py --out-dir working/video/results/films_mainrun_20260901T204015Z --manifest working/video/films_video_manifest.jsonl --corpus-dir /home/ssm-user/films_corpus/subset --arm llamaindex --leg blast --n 35 --blast-concurrency 16 --pass 2 --li-ports 8802-8817 --li-containers li_bal_0,li_bal_1,li_bal_2,li_bal_3,li_bal_4,li_bal_5,li_bal_6,li_bal_7,li_bal_8,li_bal_9,li_bal_10,li_bal_11,li_bal_12,li_bal_13,li_bal_14,li_bal_15 --liveness-min-fraction 0.385 --image-lineage docker/Dockerfile.llamaindex-video at the Ruling-L config (4000/0): FULL 149-pin freeze install from li_video/li_image_freeze.txt with a fail-closed build-time read-back (pip freeze == freeze file; b295dea), streaming reader (spool -> frames-on-disk -> k=1), chunk config read back per leg from every worker's /health by the driver preflight (Ruling T item 3).
[driver] driver lock held: /tmp/driver_video_llamaindex.lock (pid 27551)
[driver] LI: warm_workers=16 declared=16 over 16 instance(s) [8802, 8803, 8804, 8805, 8806, 8807, 8808, 8809, 8810, 8811, 8812, 8813, 8814, 8815, 8816, 8817] detect_impl=rfdetr
[driver] LI balanced mode: driver round-robins ports per send (kernel accept replaced — LI_SERVING_SKEW.md ruling)
[driver] preflight: manifest
[driver] preflight: corpus_dir=/home/ssm-user/films_corpus/subset [explicit (agrees with manifest meta)]
[driver] preflight: container flags
[driver] preflight: network mode {'li_bal_0': 'host', 'li_bal_1': 'host', 'li_bal_2': 'host', 'li_bal_3': 'host', 'li_bal_4': 'host', 'li_bal_5': 'host', 'li_bal_6': 'host', 'li_bal_7': 'host', 'li_bal_8': 'host', 'li_bal_9': 'host', 'li_bal_10': 'host', 'li_bal_11': 'host', 'li_bal_12': 'host', 'li_bal_13': 'host', 'li_bal_14': 'host', 'li_bal_15': 'host'} (Crossroad 22: host, both arms)
[driver] preflight: quiet box PASS foreign 1.06 vs threshold 2.0 — host busy 1.22 − containers 0.09 {'li_bal_0': 0.006, 'li_bal_1': 0.006, 'li_bal_2': 0.006, 'li_bal_3': 0.006, 'li_bal_4': 0.006, 'li_bal_5': 0.006, 'li_bal_6': 0.006, 'li_bal_7': 0.006, 'li_bal_8': 0.006, 'li_bal_9': 0.006, 'li_bal_10': 0.005, 'li_bal_11': 0.005, 'li_bal_12': 0.006, 'li_bal_13': 0.006, 'li_bal_14': 0.006, 'li_bal_15': 0.006} − ours 0.063 [instantaneous (/proc/stat busy − containers − ours)]; load1 4.53 (lagging, by-load1 foreign 4.1); 1 reading(s) over 5.5s, trend SINGLE READING
[driver] preflight: read-backs (absence fails before agreement)
[driver] idle burden: 0.07 cores with 16 instance(s) live = 0.2% of the box before any work (pre-instance baseline 0.094)
[driver] preflight PASSED — llamaindex_video workers[declared_workers=16] leg=blast n=35
[driver] cache eviction: rc=0 }
[driver] warm-up: 2 disjoint items
[driver] warm-up wave 1/2: 32 concurrent sends over 2 warm rows -> 16/16 worker pids observed
[driver] warm-up consumed 32 send(s) over 2 warm rows (1 wave(s) x 32 concurrent (max(2 x 16 workers, leg concurrency 16)) — Crossroad 40; warm SET re-sent per Crossroad 32; warmth gated on warm markers, Crossroad 41)
[driver] warm-up ledger: warmup_llamaindex_video_workers_blast_p2.json
[driver] warm-up gate: 16/16 warm markers present (Crossroad 41)
[driver] warm-up distribution (REPORTED, not gated): 16/16 distinct response pids over 32 sends; busiest 2, quietest 2 — kernel accept skew, published
[driver] warm-up complete: tokens=n/a worker_pids=16
[driver] service CPU bracket: summing 16 container cgroup(s): ['li_bal_0', 'li_bal_1', 'li_bal_2', 'li_bal_3', 'li_bal_4', 'li_bal_5', 'li_bal_6', 'li_bal_7', 'li_bal_8', 'li_bal_9', 'li_bal_10', 'li_bal_11', 'li_bal_12', 'li_bal_13', 'li_bal_14', 'li_bal_15']
[driver] stream residency: max 16 concurrent in-flight (cap = 16); sha pass off-loop via to_thread; no whole blob held (streaming refactor 2026-08-27, DIAG_M1_BLAST discipline kept)
[driver] export: working/video/results/films_mainrun_20260901T204015Z/export_llamaindex_video_workers_blast_p2.json
[driver] AT A GLANCE: llamaindex_video workers[declared_workers=16] blast pass 2 records 35 (errors 0) / offered 35 | THROUGHPUT 10.123 frames/s (151.82x realtime), steady window 8.244 frames/s (n=17) | SERVICE CPU 21.326 cores = 66.6% of 32 | IDLE BURDEN 0.069 cores with 16 li_workers live = 0.2% of the box before any work (beside, never subtracted) | thread env expected None / in-process torch 2 | gates PASS 7 · NOT RUN 1 · FAIL 0 | efficiency valid=True | COLLECTOR ok
--- 2. RocketRide DEFAULT posture (out-of-box: 1 token, env unset; Crossroad 27 framing) ---
+ /home/ssm-user/.venv/bin/python working/video/driver_video.py --out-dir working/video/results/films_mainrun_20260901T204015Z --manifest working/video/films_video_manifest.jsonl --corpus-dir /home/ssm-user/films_corpus/subset --arm rocketride --posture default --leg sequential --n 5 --rr-threads-env unset --liveness-min-fraction 0.385 --image-lineage Crossroad 33 (2026-08-22): rr:patched-video = a docker/Dockerfile.rocketride build PLUS one documented derived layer replacing working/nodes/env_probe (the instrument node; absent from the measured pipe, and carrying no requirements.txt so the engine constraints-cache key cannot move). A full rebuild was deliberately DEFERRED: it would re-resolve the floating ubuntu:22.04 base, the unpinned apt libc++/libunwind the engine ELF links, and the bootcheck constraints cache COPYed into the image, replacing the image that every RR probe number and the gate-3 arming run were measured on. PATH B re-baseline scheduled post-campaign with before/after fingerprints.
[driver] driver lock held: /tmp/driver_video_rocketride.lock (pid 39938)
[driver] preflight: manifest
[driver] preflight: corpus_dir=/home/ssm-user/films_corpus/subset [explicit (agrees with manifest meta)]
[driver] preflight: container flags
[driver] preflight: network mode {'rr': 'host'} (Crossroad 22: host, both arms)
[driver] preflight: quiet box PASS foreign 0.01 vs threshold 2.0 — host busy 1.02 − containers 1.01 {'rr': 1.007} − ours 0.005 [instantaneous (/proc/stat busy − containers − ours)]; load1 5.16 (lagging, by-load1 foreign 4.12); 1 reading(s) over 4.1s, trend SINGLE READING
[driver] preflight: read-backs (absence fails before agreement)
[driver] preflight: SDK rocketride 1.3.0 at /home/ssm-user/.venv/lib/python3.12/site-packages/rocketride/__init__.py — entry points verified, null control fired
[driver] preflight: RR thread env expected 'unset' — declared {}, in-process torch 16 (read back, fail-closed)
[driver] RR: 1 token(s) live, posture default[tokens=1,threads=unset(engine-default-64)], 1 distinct project_id(s)
[driver] RR write path: chunked 1 MiB per write request (send_files shape, data.py:551; whole-frame single-message path retired 2026-08-24 — DIAG_M1_BLAST)
[driver] census: 1 token(s) -> 1 new task process(es) [2301] (declared==measured)
[driver] idle burden: 1.24 cores with 1 instance(s) live = 3.9% of the box before any work (pre-instance baseline 1.007)
[driver] preflight PASSED — rocketride_video default[tokens=1,threads=unset(engine-default-64)] leg=sequential n=5
[driver] cache eviction: rc=0 }
[driver] warm-up: 2 disjoint items
[driver] warm-up consumed 2 send(s) over 2 warm rows (2 first batch + 0 top-up; rows re-sent when exhausted — Crossroad 32; tokens round-robin (addressed, not accepted))
[driver] warm-up ledger: warmup_rocketride_video_default_sequential.json
[driver] warm-up complete: tokens=[0] worker_pids=n/a
[driver] service CPU bracket: summing 1 container cgroup(s): rr
[driver] stream residency: max 1 concurrent in-flight (cap = 1); sha pass off-loop via to_thread; no whole blob held (streaming refactor 2026-08-27, DIAG_M1_BLAST discipline kept)
[driver] export: working/video/results/films_mainrun_20260901T204015Z/export_rocketride_video_default_sequential.json
[driver] AT A GLANCE: rocketride_video default[tokens=1,threads=unset(engine-default-64)] sequential pass 1 records 6 (errors 0) / offered 5 | THROUGHPUT 2.129 frames/s (25.59x realtime), steady window undefined | SERVICE CPU 5.726 cores = 17.9% of 32 | IDLE BURDEN 1.236 cores with 1 rr_tokens live = 3.9% of the box before any work (beside, never subtracted) | thread env expected unset / in-process torch 16 | gates PASS 9 · NOT RUN 0 · FAIL 0 | efficiency valid=True | COLLECTOR ok
+ /home/ssm-user/.venv/bin/python working/video/driver_video.py --out-dir working/video/results/films_mainrun_20260901T204015Z --manifest working/video/films_video_manifest.jsonl --corpus-dir /home/ssm-user/films_corpus/subset --arm rocketride --posture default --leg blast --n 35 --blast-concurrency 16 --rr-threads-env unset --pass 1 --liveness-min-fraction 0.385 --image-lineage Crossroad 33 (2026-08-22): rr:patched-video = a docker/Dockerfile.rocketride build PLUS one documented derived layer replacing working/nodes/env_probe (the instrument node; absent from the measured pipe, and carrying no requirements.txt so the engine constraints-cache key cannot move). A full rebuild was deliberately DEFERRED: it would re-resolve the floating ubuntu:22.04 base, the unpinned apt libc++/libunwind the engine ELF links, and the bootcheck constraints cache COPYed into the image, replacing the image that every RR probe number and the gate-3 arming run were measured on. PATH B re-baseline scheduled post-campaign with before/after fingerprints.
[driver] driver lock held: /tmp/driver_video_rocketride.lock (pid 42019)
[driver] preflight: manifest
[driver] preflight: corpus_dir=/home/ssm-user/films_corpus/subset [explicit (agrees with manifest meta)]
[driver] preflight: container flags
[driver] preflight: network mode {'rr': 'host'} (Crossroad 22: host, both arms)
[driver] preflight: quiet box PASS foreign 0.01 vs threshold 2.0 — host busy 1.02 − containers 1.01 {'rr': 1.008} − ours 0.005 [instantaneous (/proc/stat busy − containers − ours)]; load1 6.4 (lagging, by-load1 foreign 5.35); 1 reading(s) over 4.1s, trend SINGLE READING
[driver] preflight: read-backs (absence fails before agreement)
[driver] preflight: SDK rocketride 1.3.0 at /home/ssm-user/.venv/lib/python3.12/site-packages/rocketride/__init__.py — entry points verified, null control fired
[driver] preflight: RR thread env expected 'unset' — declared {}, in-process torch 16 (read back, fail-closed)
[driver] RR: 1 token(s) live, posture default[tokens=1,threads=unset(engine-default-64)], 1 distinct project_id(s)
[driver] RR write path: chunked 1 MiB per write request (send_files shape, data.py:551; whole-frame single-message path retired 2026-08-24 — DIAG_M1_BLAST)
[driver] census: 1 token(s) -> 1 new task process(es) [3845] (declared==measured)
[driver] idle burden: 1.23 cores with 1 instance(s) live = 3.9% of the box before any work (pre-instance baseline 1.008)
[driver] preflight PASSED — rocketride_video default[tokens=1,threads=unset(engine-default-64)] leg=blast n=35
[driver] cache eviction: rc=0 }
[driver] warm-up: 2 disjoint items
[driver] warm-up consumed 2 send(s) over 2 warm rows (2 first batch + 0 top-up; rows re-sent when exhausted — Crossroad 32; tokens round-robin (addressed, not accepted))
[driver] warm-up ledger: warmup_rocketride_video_default_blast.json
[driver] warm-up complete: tokens=[0] worker_pids=n/a
[driver] service CPU bracket: summing 1 container cgroup(s): rr
[driver] stream residency: max 16 concurrent in-flight (cap = 16); sha pass off-loop via to_thread; no whole blob held (streaming refactor 2026-08-27, DIAG_M1_BLAST discipline kept)
[driver] export: working/video/results/films_mainrun_20260901T204015Z/export_rocketride_video_default_blast.json
[driver] AT A GLANCE: rocketride_video default[tokens=1,threads=unset(engine-default-64)] blast pass 1 records 35 (errors 0) / offered 35 | THROUGHPUT 2.36 frames/s (35.39x realtime), steady window 1.54 frames/s (n=19) | SERVICE CPU 6.395 cores = 20.0% of 32 | IDLE BURDEN 1.232 cores with 1 rr_tokens live = 3.9% of the box before any work (beside, never subtracted) | thread env expected unset / in-process torch 16 | gates PASS 8 · NOT RUN 1 · FAIL 0 | efficiency valid=True | COLLECTOR ok
+ /home/ssm-user/.venv/bin/python working/video/driver_video.py --out-dir working/video/results/films_mainrun_20260901T204015Z --manifest working/video/films_video_manifest.jsonl --corpus-dir /home/ssm-user/films_corpus/subset --arm rocketride --posture default --leg blast --n 35 --blast-concurrency 16 --rr-threads-env unset --pass 2 --liveness-min-fraction 0.385 --image-lineage Crossroad 33 (2026-08-22): rr:patched-video = a docker/Dockerfile.rocketride build PLUS one documented derived layer replacing working/nodes/env_probe (the instrument node; absent from the measured pipe, and carrying no requirements.txt so the engine constraints-cache key cannot move). A full rebuild was deliberately DEFERRED: it would re-resolve the floating ubuntu:22.04 base, the unpinned apt libc++/libunwind the engine ELF links, and the bootcheck constraints cache COPYed into the image, replacing the image that every RR probe number and the gate-3 arming run were measured on. PATH B re-baseline scheduled post-campaign with before/after fingerprints.
[driver] driver lock held: /tmp/driver_video_rocketride.lock (pid 47629)
[driver] preflight: manifest
[driver] preflight: corpus_dir=/home/ssm-user/films_corpus/subset [explicit (agrees with manifest meta)]
[driver] preflight: container flags
[driver] preflight: network mode {'rr': 'host'} (Crossroad 22: host, both arms)
[driver] preflight: quiet box PASS foreign 0.01 vs threshold 2.0 — host busy 1.02 − containers 1.01 {'rr': 1.008} − ours 0.005 [instantaneous (/proc/stat busy − containers − ours)]; load1 9.57 (lagging, by-load1 foreign 8.52); 1 reading(s) over 4.1s, trend SINGLE READING
[driver] preflight: read-backs (absence fails before agreement)
[driver] preflight: SDK rocketride 1.3.0 at /home/ssm-user/.venv/lib/python3.12/site-packages/rocketride/__init__.py — entry points verified, null control fired
[driver] preflight: RR thread env expected 'unset' — declared {}, in-process torch 16 (read back, fail-closed)
[driver] RR: 1 token(s) live, posture default[tokens=1,threads=unset(engine-default-64)], 1 distinct project_id(s)
[driver] RR write path: chunked 1 MiB per write request (send_files shape, data.py:551; whole-frame single-message path retired 2026-08-24 — DIAG_M1_BLAST)
[driver] census: 1 token(s) -> 1 new task process(es) [8770] (declared==measured)
[driver] idle burden: 1.24 cores with 1 instance(s) live = 3.9% of the box before any work (pre-instance baseline 1.008)
[driver] preflight PASSED — rocketride_video default[tokens=1,threads=unset(engine-default-64)] leg=blast n=35
[driver] cache eviction: rc=0 }
[driver] warm-up: 2 disjoint items
[driver] warm-up consumed 2 send(s) over 2 warm rows (2 first batch + 0 top-up; rows re-sent when exhausted — Crossroad 32; tokens round-robin (addressed, not accepted))
[driver] warm-up ledger: warmup_rocketride_video_default_blast_p2.json
[driver] warm-up complete: tokens=[0] worker_pids=n/a
[driver] service CPU bracket: summing 1 container cgroup(s): rr
[driver] stream residency: max 16 concurrent in-flight (cap = 16); sha pass off-loop via to_thread; no whole blob held (streaming refactor 2026-08-27, DIAG_M1_BLAST discipline kept)
[driver] export: working/video/results/films_mainrun_20260901T204015Z/export_rocketride_video_default_blast_p2.json
[driver] AT A GLANCE: rocketride_video default[tokens=1,threads=unset(engine-default-64)] blast pass 2 records 35 (errors 0) / offered 35 | THROUGHPUT 2.342 frames/s (35.13x realtime), steady window 1.526 frames/s (n=19) | SERVICE CPU 6.416 cores = 20.1% of 32 | IDLE BURDEN 1.238 cores with 1 rr_tokens live = 3.9% of the box before any work (beside, never subtracted) | thread env expected unset / in-process torch 16 | gates PASS 8 · NOT RUN 1 · FAIL 0 | efficiency valid=True | COLLECTOR ok
--- 3. RocketRide M16xT2 (ruled posture, fresh rr lifetime) ---
+ docker run -d --name rr --memory 58g -e OMP_NUM_THREADS=2 -e MKL_NUM_THREADS=2 -e OPENBLAS_NUM_THREADS=2 -e VECLIB_MAXIMUM_THREADS=2 -e NUMEXPR_NUM_THREADS=2 -e TORCH_NUM_THREADS=2 --log-opt max-size=200m --network host rr:patched-video
f166ceef2804dfe7069ae58f6f8307c3c0e69d679ebc63697ac762ca0fd92668
+ /home/ssm-user/.venv/bin/python working/video/probe/wait_ready.py --arm rr --port 5565 --deadline 1800 --container rr
{
 "network_mode": "host",
 "ready": true,
 "arm": "rr",
 "port": 5565,
 "wall_s": 5.0,
 "attempts": 2
}
container rr [2]: id=f166ceef2804 created=2026-09-02T02:12:40.740080872Z age=5s
+ /home/ssm-user/.venv/bin/python working/video/driver_video.py --out-dir working/video/results/films_mainrun_20260901T204015Z --manifest working/video/films_video_manifest.jsonl --corpus-dir /home/ssm-user/films_corpus/subset --arm rocketride --posture parity --leg sequential --n 5 --tokens 16 --rr-threads-env 2 --liveness-min-fraction 0.385 --image-lineage Crossroad 33 (2026-08-22): rr:patched-video = a docker/Dockerfile.rocketride build PLUS one documented derived layer replacing working/nodes/env_probe (the instrument node; absent from the measured pipe, and carrying no requirements.txt so the engine constraints-cache key cannot move). A full rebuild was deliberately DEFERRED: it would re-resolve the floating ubuntu:22.04 base, the unpinned apt libc++/libunwind the engine ELF links, and the bootcheck constraints cache COPYed into the image, replacing the image that every RR probe number and the gate-3 arming run were measured on. PATH B re-baseline scheduled post-campaign with before/after fingerprints.
[driver] driver lock held: /tmp/driver_video_rocketride.lock (pid 53488)
[driver] preflight: manifest
[driver] preflight: corpus_dir=/home/ssm-user/films_corpus/subset [explicit (agrees with manifest meta)]
[driver] preflight: container flags
[driver] preflight: network mode {'rr': 'host'} (Crossroad 22: host, both arms)
[driver] preflight: quiet box PASS foreign 0.01 vs threshold 2.0 — host busy 1.02 − containers 1.01 {'rr': 1.007} − ours 0.005 [instantaneous (/proc/stat busy − containers − ours)]; load1 7.21 (lagging, by-load1 foreign 6.17); 1 reading(s) over 4.1s, trend SINGLE READING
[driver] preflight: read-backs (absence fails before agreement)
[driver] preflight: SDK rocketride 1.3.0 at /home/ssm-user/.venv/lib/python3.12/site-packages/rocketride/__init__.py — entry points verified, null control fired
[driver] preflight: RR thread env expected 2 — declared {'VECLIB_MAXIMUM_THREADS': '2', 'NUMEXPR_NUM_THREADS': '2', 'TORCH_NUM_THREADS': '2', 'OMP_NUM_THREADS': '2', 'MKL_NUM_THREADS': '2', 'OPENBLAS_NUM_THREADS': '2'}, in-process torch 2 (read back, fail-closed)
[driver] warm rows (2) < tokens (16): rows will be re-sent until every token has served (Crossroad 32; coverage gated)
[driver] RR: 16 token(s) live, posture parity[tokens=16,threads=unset(engine-default-64)], 16 distinct project_id(s)
[driver] RR write path: chunked 1 MiB per write request (send_files shape, data.py:551; whole-frame single-message path retired 2026-08-24 — DIAG_M1_BLAST)
[driver] census: 16 token(s) -> 16 new task process(es) [349, 566, 783, 1000, 1217, 1434, 1651, 1868, 2085, 2302, 2519, 2736, 2953, 3170, 3386, 3604] (declared==measured)
[driver] idle burden: 4.68 cores with 16 instance(s) live = 14.6% of the box before any work (pre-instance baseline 1.007)
[driver] preflight PASSED — rocketride_video parity[tokens=16,threads=unset(engine-default-64)] leg=sequential n=5
[driver] cache eviction: rc=0 }
[driver] warm-up: 2 disjoint items
[driver] warm-up consumed 16 send(s) over 2 warm rows (2 first batch + 14 top-up; rows re-sent when exhausted — Crossroad 32; tokens round-robin (addressed, not accepted))
[driver] warm-up ledger: warmup_rocketride_video_parity_sequential.json
[driver] warm-up complete: tokens=[0, 1, 2, 3, 4, 5, 6, 7, 8, 9, 10, 11, 12, 13, 14, 15] worker_pids=n/a
[driver] service CPU bracket: summing 1 container cgroup(s): rr
[driver] stream residency: max 1 concurrent in-flight (cap = 1); sha pass off-loop via to_thread; no whole blob held (streaming refactor 2026-08-27, DIAG_M1_BLAST discipline kept)
[driver] export: working/video/results/films_mainrun_20260901T204015Z/export_rocketride_video_parity_sequential.json
[driver] AT A GLANCE: rocketride_video parity[tokens=16,threads=unset(engine-default-64)] sequential pass 1 records 6 (errors 0) / offered 5 | THROUGHPUT 1.953 frames/s (23.47x realtime), steady window undefined | SERVICE CPU 7.307 cores = 22.8% of 32 | IDLE BURDEN 4.678 cores with 16 rr_tokens live = 14.6% of the box before any work (beside, never subtracted) | thread env expected 2 / in-process torch 2 | gates PASS 9 · NOT RUN 0 · FAIL 0 | efficiency valid=True | COLLECTOR ok
+ /home/ssm-user/.venv/bin/python working/video/driver_video.py --out-dir working/video/results/films_mainrun_20260901T204015Z --manifest working/video/films_video_manifest.jsonl --corpus-dir /home/ssm-user/films_corpus/subset --arm rocketride --posture parity --leg blast --n 35 --blast-concurrency 16 --tokens 16 --rr-threads-env 2 --pass 1 --liveness-min-fraction 0.385 --image-lineage Crossroad 33 (2026-08-22): rr:patched-video = a docker/Dockerfile.rocketride build PLUS one documented derived layer replacing working/nodes/env_probe (the instrument node; absent from the measured pipe, and carrying no requirements.txt so the engine constraints-cache key cannot move). A full rebuild was deliberately DEFERRED: it would re-resolve the floating ubuntu:22.04 base, the unpinned apt libc++/libunwind the engine ELF links, and the bootcheck constraints cache COPYed into the image, replacing the image that every RR probe number and the gate-3 arming run were measured on. PATH B re-baseline scheduled post-campaign with before/after fingerprints.
[driver] driver lock held: /tmp/driver_video_rocketride.lock (pid 59936)
[driver] preflight: manifest
[driver] preflight: corpus_dir=/home/ssm-user/films_corpus/subset [explicit (agrees with manifest meta)]
[driver] preflight: container flags
[driver] preflight: network mode {'rr': 'host'} (Crossroad 22: host, both arms)
[driver] preflight: quiet box PASS foreign 0.01 vs threshold 2.0 — host busy 1.02 − containers 1.01 {'rr': 1.007} − ours 0.005 [instantaneous (/proc/stat busy − containers − ours)]; load1 3.76 (lagging, by-load1 foreign 2.72); 1 reading(s) over 4.1s, trend SINGLE READING
[driver] preflight: read-backs (absence fails before agreement)
[driver] preflight: SDK rocketride 1.3.0 at /home/ssm-user/.venv/lib/python3.12/site-packages/rocketride/__init__.py — entry points verified, null control fired
[driver] preflight: RR thread env expected 2 — declared {'VECLIB_MAXIMUM_THREADS': '2', 'NUMEXPR_NUM_THREADS': '2', 'TORCH_NUM_THREADS': '2', 'OMP_NUM_THREADS': '2', 'MKL_NUM_THREADS': '2', 'OPENBLAS_NUM_THREADS': '2'}, in-process torch 2 (read back, fail-closed)
[driver] warm rows (2) < tokens (16): rows will be re-sent until every token has served (Crossroad 32; coverage gated)
[driver] RR: 16 token(s) live, posture parity[tokens=16,threads=unset(engine-default-64)], 16 distinct project_id(s)
[driver] RR write path: chunked 1 MiB per write request (send_files shape, data.py:551; whole-frame single-message path retired 2026-08-24 — DIAG_M1_BLAST)
[driver] census: 16 token(s) -> 16 new task process(es) [6154, 6371, 6588, 6805, 7022, 7238, 7456, 7673, 7890, 8106, 8324, 8541, 8758, 8975, 9192, 9409] (declared==measured)
[driver] idle burden: 4.66 cores with 16 instance(s) live = 14.6% of the box before any work (pre-instance baseline 1.007)
[driver] preflight PASSED — rocketride_video parity[tokens=16,threads=unset(engine-default-64)] leg=blast n=35
[driver] cache eviction: rc=0 }
[driver] warm-up: 2 disjoint items
[driver] warm-up consumed 16 send(s) over 2 warm rows (2 first batch + 14 top-up; rows re-sent when exhausted — Crossroad 32; tokens round-robin (addressed, not accepted))
[driver] warm-up ledger: warmup_rocketride_video_parity_blast.json
[driver] warm-up complete: tokens=[0, 1, 2, 3, 4, 5, 6, 7, 8, 9, 10, 11, 12, 13, 14, 15] worker_pids=n/a
[driver] service CPU bracket: summing 1 container cgroup(s): rr
[driver] stream residency: max 16 concurrent in-flight (cap = 16); sha pass off-loop via to_thread; no whole blob held (streaming refactor 2026-08-27, DIAG_M1_BLAST discipline kept)
[driver] export: working/video/results/films_mainrun_20260901T204015Z/export_rocketride_video_parity_blast.json
[driver] AT A GLANCE: rocketride_video parity[tokens=16,threads=unset(engine-default-64)] blast pass 1 records 35 (errors 0) / offered 35 | THROUGHPUT 9.413 frames/s (141.17x realtime), steady window 8.218 frames/s (n=19) | SERVICE CPU 25.508 cores = 79.7% of 32 | IDLE BURDEN 4.657 cores with 16 rr_tokens live = 14.5% of the box before any work (beside, never subtracted) | thread env expected 2 / in-process torch 2 | gates PASS 8 · NOT RUN 1 · FAIL 0 | efficiency valid=True | COLLECTOR ok
+ /home/ssm-user/.venv/bin/python working/video/driver_video.py --out-dir working/video/results/films_mainrun_20260901T204015Z --manifest working/video/films_video_manifest.jsonl --corpus-dir /home/ssm-user/films_corpus/subset --arm rocketride --posture parity --leg blast --n 35 --blast-concurrency 16 --tokens 16 --rr-threads-env 2 --pass 2 --liveness-min-fraction 0.385 --image-lineage Crossroad 33 (2026-08-22): rr:patched-video = a docker/Dockerfile.rocketride build PLUS one documented derived layer replacing working/nodes/env_probe (the instrument node; absent from the measured pipe, and carrying no requirements.txt so the engine constraints-cache key cannot move). A full rebuild was deliberately DEFERRED: it would re-resolve the floating ubuntu:22.04 base, the unpinned apt libc++/libunwind the engine ELF links, and the bootcheck constraints cache COPYed into the image, replacing the image that every RR probe number and the gate-3 arming run were measured on. PATH B re-baseline scheduled post-campaign with before/after fingerprints.
[driver] driver lock held: /tmp/driver_video_rocketride.lock (pid 69016)
[driver] preflight: manifest
[driver] preflight: corpus_dir=/home/ssm-user/films_corpus/subset [explicit (agrees with manifest meta)]
[driver] preflight: container flags
[driver] preflight: network mode {'rr': 'host'} (Crossroad 22: host, both arms)
[driver] preflight: quiet box PASS foreign 0.01 vs threshold 2.0 — host busy 1.02 − containers 1.01 {'rr': 1.008} − ours 0.005 [instantaneous (/proc/stat busy − containers − ours)]; load1 4.32 (lagging, by-load1 foreign 3.27); 1 reading(s) over 4.1s, trend SINGLE READING
[driver] preflight: read-backs (absence fails before agreement)
[driver] preflight: SDK rocketride 1.3.0 at /home/ssm-user/.venv/lib/python3.12/site-packages/rocketride/__init__.py — entry points verified, null control fired
[driver] preflight: RR thread env expected 2 — declared {'VECLIB_MAXIMUM_THREADS': '2', 'NUMEXPR_NUM_THREADS': '2', 'TORCH_NUM_THREADS': '2', 'OMP_NUM_THREADS': '2', 'MKL_NUM_THREADS': '2', 'OPENBLAS_NUM_THREADS': '2'}, in-process torch 2 (read back, fail-closed)
[driver] warm rows (2) < tokens (16): rows will be re-sent until every token has served (Crossroad 32; coverage gated)
[driver] RR: 16 token(s) live, posture parity[tokens=16,threads=unset(engine-default-64)], 16 distinct project_id(s)
[driver] RR write path: chunked 1 MiB per write request (send_files shape, data.py:551; whole-frame single-message path retired 2026-08-24 — DIAG_M1_BLAST)
[driver] census: 16 token(s) -> 16 new task process(es) [14535, 14752, 14968, 15186, 15403, 15620, 15837, 16054, 16271, 16488, 16705, 16922, 17138, 17356, 17573, 17790] (declared==measured)
[driver] idle burden: 4.66 cores with 16 instance(s) live = 14.5% of the box before any work (pre-instance baseline 1.008)
[driver] preflight PASSED — rocketride_video parity[tokens=16,threads=unset(engine-default-64)] leg=blast n=35
[driver] cache eviction: rc=0 }
[driver] warm-up: 2 disjoint items
[driver] warm-up consumed 16 send(s) over 2 warm rows (2 first batch + 14 top-up; rows re-sent when exhausted — Crossroad 32; tokens round-robin (addressed, not accepted))
[driver] warm-up ledger: warmup_rocketride_video_parity_blast_p2.json
[driver] warm-up complete: tokens=[0, 1, 2, 3, 4, 5, 6, 7, 8, 9, 10, 11, 12, 13, 14, 15] worker_pids=n/a
[driver] service CPU bracket: summing 1 container cgroup(s): rr
[driver] stream residency: max 16 concurrent in-flight (cap = 16); sha pass off-loop via to_thread; no whole blob held (streaming refactor 2026-08-27, DIAG_M1_BLAST discipline kept)
[driver] export: working/video/results/films_mainrun_20260901T204015Z/export_rocketride_video_parity_blast_p2.json
[driver] AT A GLANCE: rocketride_video parity[tokens=16,threads=unset(engine-default-64)] blast pass 2 records 35 (errors 0) / offered 35 | THROUGHPUT 9.611 frames/s (144.14x realtime), steady window 8.303 frames/s (n=19) | SERVICE CPU 25.532 cores = 79.8% of 32 | IDLE BURDEN 4.656 cores with 16 rr_tokens live = 14.5% of the box before any work (beside, never subtracted) | thread env expected 2 / in-process torch 2 | gates PASS 8 · NOT RUN 1 · FAIL 0 | efficiency valid=True | COLLECTOR ok
--- 4. cross-arm gates (gate 3 armed by films-staging-20260901T203906Z-1560b286) ---
cross: default/sequential
CROSS GATES FAILED: default/sequential
{
 "basis": "equal-work gates ONLY \u2014 the RR default (out-of-box) posture is an RR-internal ratio (Crossroad 27), not a cross-arm performance comparison | DISCLOSURES: char_conservation verdict at the Phase-1 +/-2 pct default is band-cutting DATA for the films band (Ruling L equivalence note), not a calibrated headline; the gate-3 boundary-exclusion drift cap (0.5 pct/video) is LIVE and UNSIZED for films content (H16 open \u2014 do not read its verdict as calibrated).",
 "cross_detection_agreement": {
  "PASS": false,
  "armed_by_probe_run": "films-staging-20260901T203906Z-1560b286",
  "n_videos": 5,
  "failing": [
   "ABucketofBlood.mp4",
   "A_Study_In_Scarlet.mp4",
   "AtWarWithTheArmy.mp4",
   "DiaryOfANudistwidescreen.mp4"
  ],
  "per_video": {
   "20000LeaguesUndertheSea.mp4": {
    "PASS": true,
    "n_frames": 395,
    "diverging_frames": null,
    "n_diverging": 0,
    "boundary_excluded_frames": null,
    "n_boundary_excluded": 0,
    "boundary_excluded_rate": 0.0,
    "boundary_eps": 0.001,
    "threshold": 0.3,
    "max_boundary_rate": 0.005,
    "scores_available": true
   },
   "ABucketofBlood.mp4": {
    "PASS": false,
    "n_frames": 262,
    "diverging_frames": [
     2,
     3,
     4,
     8,
     10,
     12,
     17,
     19,
     20,
     21,
     22,
     23,
     24,
     25,
     26,
     27,
     30,
     34,
     35,
     37,
     38,
     39,
     40,
     42,
     43,
     44,
     48,
     49,
     50,
     51,
     52,
     54,
     55,
     56,
     57,
     60,
     62,
     63,
     64,
     66,
     67,
     68,
     69,
     70,
     72,
     73,
     75,
     76,
     79,
     86
    ],
    "n_diverging": 134,
    "boundary_excluded_frames": null,
    "n_boundary_excluded": 0,
    "boundary_excluded_rate": 0.0,
    "boundary_eps": 0.001,
    "threshold": 0.3,
    "max_boundary_rate": 0.005,
    "scores_available": true
   },
   "A_Study_In_Scarlet.mp4": {
    "PASS": false,
    "n_frames": 285,
    "diverging_frames": [
     1,
     2,
     4,
     7,
     10,
     11,
     12,
     15,
     17,
     19,
     20,
     21,
     23,
     24,
     25,
     29,
     30,
     31,
     33,
     37,
     38,
     39,
     40,
     41,
     43,
     44,
     45,
     46,
     47,
     50,
     52,
     53,
     62,
     64,
     71,
     73,
     74,
     76,
     80,
     81,
     82,
     84,
     85,
     86,
     87,
     92,
     93,
     98,
     111,
     113
    ],
    "n_diverging": 113,
    "boundary_excluded_frames": [
     122
    ],
    "n_boundary_excluded": 1,
    "boundary_excluded_rate": 0.003509,
    "boundary_eps": 0.001,
    "threshold": 0.3,
    "max_boundary_rate": 0.005,
    "scores_available": true
   },
   "AtWarWithTheArmy.mp4": {
    "PASS": false,
    "n_frames": 362,
    "diverging_frames": [
     6,
     7,
     10,
     11,
     13,
     14,
     15,
     19,
     20,
     21,
     26,
     27,
     28,
     29,
     30,
     31,
     32,
     36,
     47,
     49,
     51,
     56,
     59,
     60,
     61,
     62,
     65,
     73,
     75,
     76,
     77,
     81,
     84,
     85,
     89,
     90,
     92,
     93,
     94,
     95,
     100,
     101,
     102,
     106,
     107,
     108,
     115,
     118,
     120,
     122
    ],
    "n_diverging": 175,
    "boundary_excluded_frames": null,
    "n_boundary_excluded": 0,
    "boundary_excluded_rate": 0.0,
    "boundary_eps": 0.001,
    "threshold": 0.3,
    "max_boundary_rate": 0.005,
    "scores_available": true
   },
   "DiaryOfANudistwidescreen.mp4": {
    "PASS": false,
    "n_frames": 287,
    "diverging_frames": [
     2,
     3,
     6,
     12,
     13,
     14,
     22,
     24,
     29,
     32,
     33,
     38,
     46,
     47,
     52,
     57,
     58,
     60,
     62,
     65,
     67,
     69,
     70,
     71,
     74,
     77,
     81,
     82,
     83,
     89,
     90,
     96,
     101,
     106,
     108,
     109,
     112,
     115,
     116,
     117,
     119,
     121,
     124,
     125,
     126,
     132,
     133,
     139,
     140,
     141
    ],
    "n_diverging": 103,
    "boundary_excluded_frames": null,
    "n_boundary_excluded": 0,
    "boundary_excluded_rate": 0.0,
    "boundary_eps": 0.001,
    "threshold": 0.3,
    "max_boundary_rate": 0.005,
    "scores_available": true
   }
  },
  "score_triage_first_failure": {
   "diagnostic_only": true,
   "eps": 0.0001,
   "n_frames_compared": 141,
   "n_frames_count_mismatch": 121,
   "max_paired_delta": 0.20170018076896667,
   "all_paired_within_eps": false
  }
 },
 "char_conservation": {
  "PASS": false,
  "tol": 0.02,
  "n_pairs": 5,
  "worst_abs_deviation": 0.0418,
  "rows": [
   {
    "video": "20000LeaguesUndertheSea.mp4",
    "PASS": true,
    "ratio_rr_over_li": 1.0014
   },
   {
    "video": "ABucketofBlood.mp4",
    "PASS": false,
    "ratio_rr_over_li": 1.0418
   },
   {
    "video": "A_Study_In_Scarlet.mp4",
    "PASS": true,
    "ratio_rr_over_li": 1.0082
   },
   {
    "video": "AtWarWithTheArmy.mp4",
    "PASS": true,
    "ratio_rr_over_li": 1.0031
   },
   {
    "video": "DiaryOfANudistwidescreen.mp4",
    "PASS": false,
    "ratio_rr_over_li": 1.0306
   }
  ]
 },
 "boundary_exclusions_total": 1,
 "chunk_count_ratio": {
  "gated": false,
  "n_pairs": 5,
  "ratio_min_median_max": [
   1.192,
   1.272,
   1.431
  ],
  "per_video": {
   "20000LeaguesUndertheSea.mp4": 1.192,
   "ABucketofBlood.mp4": 1.431,
   "A_Study_In_Scarlet.mp4": 1.306,
   "AtWarWithTheArmy.mp4": 1.272,
   "DiaryOfANudistwidescreen.mp4": 1.25
  }
 },
 "n_rr": 5,
 "n_li": 5,
 "n_paired": 5,
 "rr_chunk_config_measured": {
  "chunk_size_max_observed": 3999,
  "chunk_chars_median": 3362
 },
 "li_chunk_config_measured": {
  "chunk_size_max_observed": 4000,
  "chunk_chars_median": 3993
 }
}
cross: parity/sequential
CROSS GATES FAILED: parity/sequential
{
 "basis": "ruled 16x2-vs-16x2 posture (Rulings M/O) \u2014 cross-arm comparison | DISCLOSURES: char_conservation verdict at the Phase-1 +/-2 pct default is band-cutting DATA for the films band (Ruling L equivalence note), not a calibrated headline; the gate-3 boundary-exclusion drift cap (0.5 pct/video) is LIVE and UNSIZED for films content (H16 open \u2014 do not read its verdict as calibrated).",
 "cross_detection_agreement": {
  "PASS": false,
  "armed_by_probe_run": "films-staging-20260901T203906Z-1560b286",
  "n_videos": 5,
  "failing": [
   "ABucketofBlood.mp4",
   "A_Study_In_Scarlet.mp4",
   "AtWarWithTheArmy.mp4",
   "DiaryOfANudistwidescreen.mp4"
  ],
  "per_video": {
   "20000LeaguesUndertheSea.mp4": {
    "PASS": true,
    "n_frames": 395,
    "diverging_frames": null,
    "n_diverging": 0,
    "boundary_excluded_frames": null,
    "n_boundary_excluded": 0,
    "boundary_excluded_rate": 0.0,
    "boundary_eps": 0.001,
    "threshold": 0.3,
    "max_boundary_rate": 0.005,
    "scores_available": true
   },
   "ABucketofBlood.mp4": {
    "PASS": false,
    "n_frames": 262,
    "diverging_frames": [
     2,
     3,
     4,
     8,
     10,
     12,
     17,
     19,
     20,
     21,
     22,
     23,
     24,
     25,
     26,
     27,
     30,
     34,
     35,
     37,
     38,
     39,
     40,
     42,
     43,
     44,
     48,
     49,
     50,
     51,
     52,
     54,
     55,
     56,
     57,
     60,
     62,
     63,
     64,
     66,
     67,
     68,
     69,
     70,
     72,
     73,
     75,
     76,
     79,
     86
    ],
    "n_diverging": 134,
    "boundary_excluded_frames": null,
    "n_boundary_excluded": 0,
    "boundary_excluded_rate": 0.0,
    "boundary_eps": 0.001,
    "threshold": 0.3,
    "max_boundary_rate": 0.005,
    "scores_available": true
   },
   "A_Study_In_Scarlet.mp4": {
    "PASS": false,
    "n_frames": 285,
    "diverging_frames": [
     1,
     2,
     4,
     7,
     10,
     11,
     12,
     15,
     17,
     19,
     20,
     21,
     23,
     24,
     25,
     29,
     30,
     31,
     33,
     37,
     38,
     39,
     40,
     41,
     43,
     44,
     45,
     46,
     47,
     50,
     52,
     53,
     62,
     64,
     71,
     73,
     74,
     76,
     80,
     81,
     82,
     84,
     85,
     86,
     87,
     92,
     93,
     98,
     111,
     113
    ],
    "n_diverging": 113,
    "boundary_excluded_frames": [
     122
    ],
    "n_boundary_excluded": 1,
    "boundary_excluded_rate": 0.003509,
    "boundary_eps": 0.001,
    "threshold": 0.3,
    "max_boundary_rate": 0.005,
    "scores_available": true
   },
   "AtWarWithTheArmy.mp4": {
    "PASS": false,
    "n_frames": 362,
    "diverging_frames": [
     6,
     7,
     10,
     11,
     13,
     14,
     15,
     19,
     20,
     21,
     26,
     27,
     28,
     29,
     30,
     31,
     32,
     36,
     47,
     49,
     51,
     56,
     59,
     60,
     61,
     62,
     65,
     73,
     75,
     76,
     77,
     81,
     84,
     85,
     89,
     90,
     92,
     93,
     94,
     95,
     100,
     101,
     102,
     106,
     107,
     108,
     115,
     118,
     120,
     122
    ],
    "n_diverging": 174,
    "boundary_excluded_frames": null,
    "n_boundary_excluded": 0,
    "boundary_excluded_rate": 0.0,
    "boundary_eps": 0.001,
    "threshold": 0.3,
    "max_boundary_rate": 0.005,
    "scores_available": true
   },
   "DiaryOfANudistwidescreen.mp4": {
    "PASS": false,
    "n_frames": 287,
    "diverging_frames": [
     2,
     3,
     6,
     12,
     13,
     14,
     22,
     24,
     29,
     32,
     33,
     38,
     46,
     47,
     52,
     57,
     58,
     60,
     62,
     65,
     67,
     69,
     70,
     71,
     74,
     77,
     81,
     82,
     83,
     89,
     90,
     96,
     101,
     106,
     108,
     109,
     112,
     115,
     116,
     117,
     119,
     121,
     124,
     125,
     126,
     132,
     133,
     139,
     140,
     141
    ],
    "n_diverging": 103,
    "boundary_excluded_frames": null,
    "n_boundary_excluded": 0,
    "boundary_excluded_rate": 0.0,
    "boundary_eps": 0.001,
    "threshold": 0.3,
    "max_boundary_rate": 0.005,
    "scores_available": true
   }
  },
  "score_triage_first_failure": {
   "diagnostic_only": true,
   "eps": 0.0001,
   "n_frames_compared": 141,
   "n_frames_count_mismatch": 121,
   "max_paired_delta": 0.20169928669929504,
   "all_paired_within_eps": false
  }
 },
 "char_conservation": {
  "PASS": false,
  "tol": 0.02,
  "n_pairs": 5,
  "worst_abs_deviation": 0.0411,
  "rows": [
   {
    "video": "20000LeaguesUndertheSea.mp4",
    "PASS": true,
    "ratio_rr_over_li": 1.0011
   },
   {
    "video": "ABucketofBlood.mp4",
    "PASS": false,
    "ratio_rr_over_li": 1.0411
   },
   {
    "video": "A_Study_In_Scarlet.mp4",
    "PASS": true,
    "ratio_rr_over_li": 1.0085
   },
   {
    "video": "AtWarWithTheArmy.mp4",
    "PASS": true,
    "ratio_rr_over_li": 1.0023
   },
   {
    "video": "DiaryOfANudistwidescreen.mp4",
    "PASS": false,
    "ratio_rr_over_li": 1.0305
   }
  ]
 },
 "boundary_exclusions_total": 1,
 "chunk_count_ratio": {
  "gated": false,
  "n_pairs": 5,
  "ratio_min_median_max": [
   1.192,
   1.272,
   1.422
  ],
  "per_video": {
   "20000LeaguesUndertheSea.mp4": 1.192,
   "ABucketofBlood.mp4": 1.422,
   "A_Study_In_Scarlet.mp4": 1.306,
   "AtWarWithTheArmy.mp4": 1.272,
   "DiaryOfANudistwidescreen.mp4": 1.25
  }
 },
 "n_rr": 5,
 "n_li": 5,
 "n_paired": 5,
 "rr_chunk_config_measured": {
  "chunk_size_max_observed": 3999,
  "chunk_chars_median": 3355
 },
 "li_chunk_config_measured": {
  "chunk_size_max_observed": 4000,
  "chunk_chars_median": 3993
 }
}
cross: default/blast
CROSS GATES FAILED: default/blast
{
 "basis": "equal-work gates ONLY \u2014 the RR default (out-of-box) posture is an RR-internal ratio (Crossroad 27), not a cross-arm performance comparison | DISCLOSURES: char_conservation verdict at the Phase-1 +/-2 pct default is band-cutting DATA for the films band (Ruling L equivalence note), not a calibrated headline; the gate-3 boundary-exclusion drift cap (0.5 pct/video) is LIVE and UNSIZED for films content (H16 open \u2014 do not read its verdict as calibrated).",
 "cross_detection_agreement": {
  "PASS": false,
  "armed_by_probe_run": "films-staging-20260901T203906Z-1560b286",
  "n_videos": 35,
  "failing": [
   "HouseOnBareMountain.mp4",
   "ABucketofBlood.mp4",
   "Mr._Wong_Detective.mp4",
   "A_Study_In_Scarlet.mp4",
   "JailBait.mp4",
   "DiaryOfANudistwidescreen.mp4",
   "HorrorHotel1960.mp4",
   "Gung_Ho.mp4",
   "AtWarWithTheArmy.mp4",
   "Mastertouch.mp4",
   "Jamaica_Inn.mp4",
   "TheWomanInGreen1945.mp4",
   "Sabotage_1936.mp4",
   "TheMarinesareComing.mp4",
   "The_Mystery_of_Mr._Wong.mp4",
   "TheyMadeMeAKiller.mp4",
   "TheWhiteWarrior1961.mp4",
   "ThisisNotaTest.mp4",
   "WorldGoneMad.mp4",
   "Two_Dollar_Bettor_movie.mp4",
   "DoubleFeatureHell8grindhouse3.mp4",
   "indestructible_man.mp4",
   "parole_inc.mp4",
   "rhythm_blues_review.mp4",
   "slave_in_bondage.mp4",
   "mclintok_widescreen.mp4",
   "street_angel.mp4",
   "the-grapes-of-wrath-1940.mp4"
  ],
  "per_video": {
   "HouseOnBareMountain.mp4": {
    "PASS": false,
    "n_frames": 248,
    "diverging_frames": [
     10,
     11,
     12,
     14,
     15,
     16,
     18,
     25,
     27,
     33,
     34,
     35,
     37,
     38,
     41,
     43,
     48,
     55,
     60,
     61,
     65,
     67,
     74,
     75,
     77,
     81,
     84,
     85,
     86,
     87,
     88,
     90,
     91,
     92,
     103,
     105,
     106,
     110,
     111,
     113,
     120,
     124,
     127,
     128,
     129,
     130,
     136,
     137,
     142,
     145
    ],
    "n_diverging": 113,
    "boundary_excluded_frames": [
     4
    ],
    "n_boundary_excluded": 1,
    "boundary_excluded_rate": 0.004032,
    "boundary_eps": 0.001,
    "threshold": 0.3,
    "max_boundary_rate": 0.005,
    "scores_available": true
   },
   "ABucketofBlood.mp4": {
    "PASS": false,
    "n_frames": 262,
    "diverging_frames": [
     2,
     3,
     4,
     8,
     10,
     12,
     17,
     19,
     20,
     21,
     22,
     23,
     24,
     25,
     26,
     27,
     30,
     34,
     35,
     37,
     38,
     39,
     40,
     42,
     43,
     44,
     48,
     49,
     50,
     51,
     52,
     54,
     55,
     56,
     57,
     60,
     62,
     63,
     64,
     66,
     67,
     68,
     69,
     70,
     72,
     73,
     75,
     76,
     79,
     86
    ],
    "n_diverging": 134,
    "boundary_excluded_frames": null,
    "n_boundary_excluded": 0,
    "boundary_excluded_rate": 0.0,
    "boundary_eps": 0.001,
    "threshold": 0.3,
    "max_boundary_rate": 0.005,
    "scores_available": true
   },
   "Mr._Wong_Detective.mp4": {
    "PASS": false,
    "n_frames": 274,
    "diverging_frames": [
     5,
     6,
     7,
     11,
     13,
     16,
     22,
     24,
     27,
     28,
     29,
     31,
     33,
     34,
     35,
     37,
     38,
     39,
     40,
     41,
     43,
     47,
     54,
     55,
     59,
     60,
     61,
     64,
     65,
     67,
     68,
     69,
     71,
     77,
     78,
     79,
     80,
     81,
     82,
     83,
     85,
     87,
     88,
     89,
     90,
     91,
     92,
     93,
     94,
     95
    ],
    "n_diverging": 144,
    "boundary_excluded_frames": null,
    "n_boundary_excluded": 0,
    "boundary_excluded_rate": 0.0,
    "boundary_eps": 0.001,
    "threshold": 0.3,
    "max_boundary_rate": 0.005,
    "scores_available": true
   },
   "A_Study_In_Scarlet.mp4": {
    "PASS": false,
    "n_frames": 285,
    "diverging_frames": [
     1,
     2,
     4,
     7,
     10,
     11,
     12,
     15,
     17,
     19,
     20,
     21,
     23,
     24,
     25,
     29,
     30,
     31,
     33,
     37,
     38,
     39,
     40,
     41,
     43,
     44,
     45,
     46,
     47,
     50,
     52,
     53,
     62,
     64,
     71,
     73,
     74,
     76,
     80,
     81,
     82,
     84,
     85,
     86,
     87,
     92,
     93,
     98,
     111,
     113
    ],
    "n_diverging": 113,
    "boundary_excluded_frames": [
     122
    ],
    "n_boundary_excluded": 1,
    "boundary_excluded_rate": 0.003509,
    "boundary_eps": 0.001,
    "threshold": 0.3,
    "max_boundary_rate": 0.005,
    "scores_available": true
   },
   "JailBait.mp4": {
    "PASS": false,
    "n_frames": 285,
    "diverging_frames": [
     81
    ],
    "n_diverging": 1,
    "boundary_excluded_frames": null,
    "n_boundary_excluded": 0,
    "boundary_excluded_rate": 0.0,
    "boundary_eps": 0.001,
    "threshold": 0.3,
    "max_boundary_rate": 0.005,
    "scores_available": true
   },
   "DiaryOfANudistwidescreen.mp4": {
    "PASS": false,
    "n_frames": 287,
    "diverging_frames": [
     2,
     3,
     6,
     12,
     13,
     14,
     22,
     24,
     29,
     32,
     33,
     38,
     46,
     47,
     52,
     57,
     58,
     60,
     62,
     65,
     67,
     69,
     70,
     71,
     74,
     77,
     81,
     82,
     83,
     89,
     90,
     96,
     101,
     106,
     108,
     109,
     112,
     115,
     116,
     117,
     119,
     121,
     124,
     125,
     126,
     132,
     133,
     139,
     140,
     141
    ],
    "n_diverging": 103,
    "boundary_excluded_frames": null,
    "n_boundary_excluded": 0,
    "boundary_excluded_rate": 0.0,
    "boundary_eps": 0.001,
    "threshold": 0.3,
    "max_boundary_rate": 0.005,
    "scores_available": true
   },
   "HorrorHotel1960.mp4": {
    "PASS": false,
    "n_frames": 306,
    "diverging_frames": [
     0,
     6,
     7,
     8,
     10,
     12,
     13,
     14,
     20,
     21,
     24,
     26,
     27,
     28,
     29,
     30,
     32,
     33,
     34,
     38,
     39,
     40,
     45,
     46,
     48,
     50,
     51,
     53,
     55,
     58,
     61,
     73,
     74,
     75,
     79,
     86,
     90,
     92,
     97,
     98,
     99,
     101,
     102,
     104,
     107,
     110,
     118,
     119,
     120,
     124
    ],
    "n_diverging": 127,
    "boundary_excluded_frames": null,
    "n_boundary_excluded": 0,
    "boundary_excluded_rate": 0.0,
    "boundary_eps": 0.001,
    "threshold": 0.3,
    "max_boundary_rate": 0.005,
    "scores_available": true
   },
   "LouisianaHussy_319.mp4": {
    "PASS": true,
    "n_frames": 339,
    "diverging_frames": null,
    "n_diverging": 0,
    "boundary_excluded_frames": null,
    "n_boundary_excluded": 0,
    "boundary_excluded_rate": 0.0,
    "boundary_eps": 0.001,
    "threshold": 0.3,
    "max_boundary_rate": 0.005,
    "scores_available": true
   },
   "Gung_Ho.mp4": {
    "PASS": false,
    "n_frames": 344,
    "diverging_frames": [
     1,
     9,
     14,
     18,
     20,
     21,
     23,
     25,
     29,
     33,
     36,
     39,
     42,
     43,
     45,
     46,
     47,
     50,
     55,
     56,
     58,
     59,
     60,
     61,
     62,
     65,
     69,
     71,
     73,
     75,
     78,
     80,
     82,
     84,
     87,
     88,
     90,
     91,
     93,
     95,
     96,
     97,
     98,
     100,
     101,
     103,
     105,
     106,
     108,
     109
    ],
    "n_diverging": 161,
    "boundary_excluded_frames": [
     226
    ],
    "n_boundary_excluded": 1,
    "boundary_excluded_rate": 0.002907,
    "boundary_eps": 0.001,
    "threshold": 0.3,
    "max_boundary_rate": 0.005,
    "scores_available": true
   },
   "LadyofBurlesque.mp4": {
    "PASS": true,
    "n_frames": 361,
    "diverging_frames": null,
    "n_diverging": 0,
    "boundary_excluded_frames": null,
    "n_boundary_excluded": 0,
    "boundary_excluded_rate": 0.0,
    "boundary_eps": 0.001,
    "threshold": 0.3,
    "max_boundary_rate": 0.005,
    "scores_available": true
   },
   "AtWarWithTheArmy.mp4": {
    "PASS": false,
    "n_frames": 362,
    "diverging_frames": [
     6,
     7,
     10,
     11,
     13,
     14,
     15,
     19,
     20,
     21,
     26,
     27,
     28,
     29,
     30,
     31,
     32,
     36,
     47,
     49,
     51,
     56,
     59,
     60,
     61,
     62,
     65,
     73,
     75,
     76,
     77,
     81,
     84,
     85,
     89,
     90,
     92,
     93,
     94,
     95,
     100,
     101,
     102,
     106,
     107,
     108,
     115,
     118,
     120,
     122
    ],
    "n_diverging": 175,
    "boundary_excluded_frames": null,
    "n_boundary_excluded": 0,
    "boundary_excluded_rate": 0.0,
    "boundary_eps": 0.001,
    "threshold": 0.3,
    "max_boundary_rate": 0.005,
    "scores_available": true
   },
   "Mastertouch.mp4": {
    "PASS": false,
    "n_frames": 369,
    "diverging_frames": [
     1,
     2,
     3,
     6,
     9,
     16,
     17,
     24,
     26,
     27,
     29,
     30,
     32,
     33,
     35,
     36,
     41,
     42,
     47,
     48,
     56,
     57,
     58,
     60,
     61,
     64,
     66,
     70,
     71,
     74,
     75,
     77,
     79,
     83,
     84,
     87,
     89,
     91,
     93,
     94,
     95,
     98,
     102,
     105,
     107,
     110,
     113,
     114,
     115,
     118
    ],
    "n_diverging": 157,
    "boundary_excluded_frames": null,
    "n_boundary_excluded": 0,
    "boundary_excluded_rate": 0.0,
    "boundary_eps": 0.001,
    "threshold": 0.3,
    "max_boundary_rate": 0.005,
    "scores_available": true
   },
   "20000LeaguesUndertheSea.mp4": {
    "PASS": true,
    "n_frames": 395,
    "diverging_frames": null,
    "n_diverging": 0,
    "boundary_excluded_frames": null,
    "n_boundary_excluded": 0,
    "boundary_excluded_rate": 0.0,
    "boundary_eps": 0.001,
    "threshold": 0.3,
    "max_boundary_rate": 0.005,
    "scores_available": true
   },
   "Jamaica_Inn.mp4": {
    "PASS": false,
    "n_frames": 395,
    "diverging_frames": [
     3,
     11,
     17,
     18,
     22,
     24,
     26,
     31,
     32,
     35,
     36,
     38,
     44,
     45,
     46,
     49,
     51,
     53,
     56,
     60,
     66,
     69,
     70,
     75,
     76,
     79,
     80,
     81,
     83,
     85,
     86,
     87,
     92,
     95,
     98,
     100,
     103,
     104,
     105,
     109,
     110,
     112,
     113,
     114,
     115,
     116,
     117,
     120,
     125,
     127
    ],
    "n_diverging": 140,
    "boundary_excluded_frames": null,
    "n_boundary_excluded": 0,
    "boundary_excluded_rate": 0.0,
    "boundary_eps": 0.001,
    "threshold": 0.3,
    "max_boundary_rate": 0.005,
    "scores_available": true
   },
   "Eisenstein-October.mp4": {
    "PASS": true,
    "n_frames": 409,
    "diverging_frames": null,
    "n_diverging": 0,
    "boundary_excluded_frames": null,
    "n_boundary_excluded": 0,
    "boundary_excluded_rate": 0.0,
    "boundary_eps": 0.001,
    "threshold": 0.3,
    "max_boundary_rate": 0.005,
    "scores_available": true
   },
   "TheWomanInGreen1945.mp4": {
    "PASS": false,
    "n_frames": 258,
    "diverging_frames": [
     4,
     5,
     6,
     7,
     8,
     9,
     10,
     11,
     17,
     19,
     21,
     22,
     23,
     25,
     26,
     27,
     28,
     29,
     30,
     31,
     32,
     33,
     38,
     39,
     41,
     43,
     44,
     45,
     50,
     56,
     57,
     59,
     63,
     65,
     69,
     70,
     72,
     73,
     74,
     77,
     78,
     79,
     81,
     84,
     87,
     90,
     95,
     96,
     97,
     99
    ],
    "n_diverging": 124,
    "boundary_excluded_frames": null,
    "n_boundary_excluded": 0,
    "boundary_excluded_rate": 0.0,
    "boundary_eps": 0.001,
    "threshold": 0.3,
    "max_boundary_rate": 0.005,
    "scores_available": true
   },
   "Sabotage_1936.mp4": {
    "PASS": false,
    "n_frames": 304,
    "diverging_frames": [
     3,
     6,
     8,
     12,
     13,
     17,
     22,
     23,
     25,
     26,
     28,
     29,
     30,
     31,
     37,
     39,
     42,
     43,
     44,
     45,
     46,
     48,
     49,
     51,
     55,
     56,
     57,
     58,
     60,
     63,
     69,
     72,
     75,
     79,
     86,
     87,
     88,
     89,
     90,
     93,
     94,
     96,
     100,
     104,
     105,
     106,
     107,
     112,
     113,
     114
    ],
    "n_diverging": 148,
    "boundary_excluded_frames": null,
    "n_boundary_excluded": 0,
    "boundary_excluded_rate": 0.0,
    "boundary_eps": 0.001,
    "threshold": 0.3,
    "max_boundary_rate": 0.005,
    "scores_available": true
   },
   "TheMarinesareComing.mp4": {
    "PASS": false,
    "n_frames": 284,
    "diverging_frames": [
     2,
     3,
     5,
     6,
     10,
     11,
     12,
     13,
     14,
     15,
     19,
     23,
     25,
     34,
     35,
     36,
     37,
     38,
     40,
     43,
     44,
     46,
     47,
     50,
     51,
     52,
     54,
     55,
     58,
     59,
     60,
     62,
     64,
     72,
     76,
     78,
     79,
     91,
     92,
     94,
     96,
     97,
     98,
     99,
     101,
     102,
     103,
     107,
     108,
     112
    ],
    "n_diverging": 126,
    "boundary_excluded_frames": null,
    "n_boundary_excluded": 0,
    "boundary_excluded_rate": 0.0,
    "boundary_eps": 0.001,
    "threshold": 0.3,
    "max_boundary_rate": 0.005,
    "scores_available": true
   },
   "The_Mystery_of_Mr._Wong.mp4": {
    "PASS": false,
    "n_frames": 282,
    "diverging_frames": [
     1,
     9,
     10,
     12,
     14,
     15,
     16,
     19,
     22,
     23,
     24,
     36,
     38,
     39,
     41,
     42,
     49,
     50,
     53,
     55,
     58,
     59,
     61,
     62,
     64,
     68,
     74,
     75,
     76,
     77,
     79,
     81,
     83,
     84,
     86,
     88,
     92,
     94,
     95,
     96,
     97,
     98,
     99,
     100,
     101,
     102,
     103,
     104,
     108,
     109
    ],
    "n_diverging": 124,
    "boundary_excluded_frames": null,
    "n_boundary_excluded": 0,
    "boundary_excluded_rate": 0.0,
    "boundary_eps": 0.001,
    "threshold": 0.3,
    "max_boundary_rate": 0.005,
    "scores_available": true
   },
   "TheyMadeMeAKiller.mp4": {
    "PASS": false,
    "n_frames": 257,
    "diverging_frames": [
     3,
     4,
     5,
     7,
     11,
     12,
     14,
     15,
     16,
     18,
     24,
     25,
     26,
     27,
     28,
     29,
     32,
     34,
     35,
     36,
     43,
     46,
     48,
     49,
     51,
     53,
     57,
     59,
     60,
     61,
     67,
     69,
     70,
     73,
     76,
     77,
     79,
     82,
     84,
     87,
     88,
     89,
     90,
     92,
     93,
     94,
     95,
     97,
     98,
     99
    ],
    "n_diverging": 132,
    "boundary_excluded_frames": null,
    "n_boundary_excluded": 0,
    "boundary_excluded_rate": 0.0,
    "boundary_eps": 0.001,
    "threshold": 0.3,
    "max_boundary_rate": 0.005,
    "scores_available": true
   },
   "TheWhiteWarrior1961.mp4": {
    "PASS": false,
    "n_frames": 342,
    "diverging_frames": [
     2,
     5,
     7,
     13,
     14,
     15,
     17,
     18,
     20,
     22,
     23,
     25,
     26,
     27,
     30,
     31,
     36,
     39,
     40,
     41,
     42,
     44,
     47,
     48,
     50,
     51,
     53,
     54,
     55,
     60,
     63,
     65,
     66,
     68,
     69,
     70,
     71,
     75,
     76,
     77,
     78,
     79,
     80,
     81,
     90,
     91,
     92,
     99,
     102,
     105
    ],
    "n_diverging": 153,
    "boundary_excluded_frames": null,
    "n_boundary_excluded": 0,
    "boundary_excluded_rate": 0.0,
    "boundary_eps": 0.001,
    "threshold": 0.3,
    "max_boundary_rate": 0.005,
    "scores_available": true
   },
   "ThisisNotaTest.mp4": {
    "PASS": false,
    "n_frames": 289,
    "diverging_frames": [
     4,
     6,
     7,
     8,
     9,
     10,
     13,
     14,
     17,
     19,
     20,
     22,
     23,
     24,
     26,
     27,
     31,
     32,
     38,
     40,
     44,
     46,
     48,
     52,
     53,
     57,
     58,
     62,
     63,
     66,
     67,
     68,
     70,
     72,
     76,
     77,
     79,
     82,
     85,
     90,
     91,
     97,
     102,
     103,
     105,
     107,
     109,
     110,
     111,
     112
    ],
    "n_diverging": 124,
    "boundary_excluded_frames": null,
    "n_boundary_excluded": 0,
    "boundary_excluded_rate": 0.0,
    "boundary_eps": 0.001,
    "threshold": 0.3,
    "max_boundary_rate": 0.005,
    "scores_available": true
   },
   "WorldGoneMad.mp4": {
    "PASS": false,
    "n_frames": 284,
    "diverging_frames": [
     2,
     10,
     15,
     17,
     20,
     21,
     24,
     27,
     30,
     36,
     37,
     38,
     42,
     43,
     45,
     46,
     48,
     49,
     52,
     56,
     59,
     64,
     66,
     68,
     69,
     70,
     71,
     78,
     79,
     80,
     81,
     82,
     83,
     84,
     85,
     89,
     91,
     95,
     98,
     100,
     102,
     103,
     105,
     107,
     110,
     115,
     119,
     121,
     122,
     123
    ],
    "n_diverging": 124,
    "boundary_excluded_frames": null,
    "n_boundary_excluded": 0,
    "boundary_excluded_rate": 0.0,
    "boundary_eps": 0.001,
    "threshold": 0.3,
    "max_boundary_rate": 0.005,
    "scores_available": true
   },
   "Two_Dollar_Bettor_movie.mp4": {
    "PASS": false,
    "n_frames": 286,
    "diverging_frames": [
     5,
     6,
     7,
     8,
     9,
     11,
     12,
     13,
     14,
     15,
     16,
     18,
     19,
     20,
     21,
     24,
     27,
     31,
     33,
     34,
     35,
     39,
     40,
     41,
     42,
     44,
     45,
     47,
     52,
     53,
     54,
     57,
     58,
     62,
     66,
     68,
     70,
     71,
     75,
     79,
     81,
     84,
     85,
     87,
     90,
     91,
     93,
     94,
     95,
     97
    ],
    "n_diverging": 144,
    "boundary_excluded_frames": null,
    "n_boundary_excluded": 0,
    "boundary_excluded_rate": 0.0,
    "boundary_eps": 0.001,
    "threshold": 0.3,
    "max_boundary_rate": 0.005,
    "scores_available": true
   },
   "DoubleFeatureHell8grindhouse3.mp4": {
    "PASS": false,
    "n_frames": 664,
    "diverging_frames": [
     2,
     3,
     4,
     6,
     8,
     11,
     15,
     22,
     23,
     24,
     25,
     27,
     28,
     33,
     36,
     37,
     39,
     41,
     47,
     49,
     52,
     54,
     57,
     59,
     60,
     61,
     63,
     64,
     68,
     72,
     79,
     82,
     86,
     88,
     89,
     92,
     94,
     98,
     100,
     101,
     102,
     104,
     105,
     107,
     108,
     110,
     117,
     120,
     122,
     127
    ],
    "n_diverging": 255,
    "boundary_excluded_frames": null,
    "n_boundary_excluded": 0,
    "boundary_excluded_rate": 0.0,
    "boundary_eps": 0.001,
    "threshold": 0.3,
    "max_boundary_rate": 0.005,
    "scores_available": true
   },
   "TheGolem_893.mp4": {
    "PASS": true,
    "n_frames": 406,
    "diverging_frames": null,
    "n_diverging": 0,
    "boundary_excluded_frames": null,
    "n_boundary_excluded": 0,
    "boundary_excluded_rate": 0.0,
    "boundary_eps": 0.001,
    "threshold": 0.3,
    "max_boundary_rate": 0.005,
    "scores_available": true
   },
   "indestructible_man.mp4": {
    "PASS": false,
    "n_frames": 284,
    "diverging_frames": [
     8,
     10,
     16,
     17,
     18,
     19,
     23,
     25,
     29,
     30,
     31,
     33,
     34,
     35,
     36,
     37,
     39,
     41,
     45,
     49,
     53,
     56,
     57,
     58,
     60,
     62,
     63,
     65,
     67,
     69,
     72,
     74,
     75,
     76,
     80,
     86,
     96,
     100,
     101,
     102,
     103,
     104,
     108,
     113,
     114,
     116,
     117,
     123,
     125,
     126
    ],
    "n_diverging": 108,
    "boundary_excluded_frames": null,
    "n_boundary_excluded": 0,
    "boundary_excluded_rate": 0.0,
    "boundary_eps": 0.001,
    "threshold": 0.3,
    "max_boundary_rate": 0.005,
    "scores_available": true
   },
   "The_Hunchback_of_Notre_Dame.mp4": {
    "PASS": true,
    "n_frames": 403,
    "diverging_frames": null,
    "n_diverging": 0,
    "boundary_excluded_frames": null,
    "n_boundary_excluded": 0,
    "boundary_excluded_rate": 0.0,
    "boundary_eps": 0.001,
    "threshold": 0.3,
    "max_boundary_rate": 0.005,
    "scores_available": true
   },
   "parole_inc.mp4": {
    "PASS": false,
    "n_frames": 285,
    "diverging_frames": [
     10,
     11,
     12,
     14,
     17,
     18,
     19,
     21,
     22,
     23,
     24,
     25,
     27,
     28,
     29,
     31,
     33,
     34,
     35,
     36,
     37,
     39,
     42,
     43,
     45,
     46,
     47,
     48,
     52,
     53,
     54,
     55,
     56,
     57,
     59,
     60,
     61,
     62,
     63,
     65,
     67,
     69,
     70,
     72,
     73,
     74,
     75,
     76,
     77,
     81
    ],
    "n_diverging": 159,
    "boundary_excluded_frames": null,
    "n_boundary_excluded": 0,
    "boundary_excluded_rate": 0.0,
    "boundary_eps": 0.001,
    "threshold": 0.3,
    "max_boundary_rate": 0.005,
    "scores_available": true
   },
   "gammera.mp4": {
    "PASS": true,
    "n_frames": 341,
    "diverging_frames": null,
    "n_diverging": 0,
    "boundary_excluded_frames": null,
    "n_boundary_excluded": 0,
    "boundary_excluded_rate": 0.0,
    "boundary_eps": 0.001,
    "threshold": 0.3,
    "max_boundary_rate": 0.005,
    "scores_available": true
   },
   "rhythm_blues_review.mp4": {
    "PASS": false,
    "n_frames": 286,
    "diverging_frames": [
     8,
     12,
     14,
     17,
     18,
     21,
     23,
     25,
     26,
     27,
     28,
     29,
     30,
     35,
     36,
     46,
     47,
     50,
     52,
     54,
     59,
     60,
     64,
     65,
     66,
     73,
     78,
     80,
     83,
     85,
     86,
     88,
     91,
     92,
     93,
     95,
     97,
     98,
     103,
     105,
     112,
     113,
     114,
     115,
     117,
     118,
     119,
     120,
     121,
     122
    ],
    "n_diverging": 116,
    "boundary_excluded_frames": null,
    "n_boundary_excluded": 0,
    "boundary_excluded_rate": 0.0,
    "boundary_eps": 0.001,
    "threshold": 0.3,
    "max_boundary_rate": 0.005,
    "scores_available": true
   },
   "slave_in_bondage.mp4": {
    "PASS": false,
    "n_frames": 277,
    "diverging_frames": [
     5,
     8,
     9,
     11,
     15,
     16,
     18,
     19,
     20,
     23,
     24,
     27,
     29,
     31,
     32,
     33,
     34,
     35,
     38,
     39,
     40,
     45,
     47,
     48,
     49,
     52,
     55,
     56,
     58,
     61,
     62,
     63,
     64,
     65,
     67,
     69,
     70,
     71,
     72,
     77,
     78,
     79,
     80,
     81,
     83,
     86,
     87,
     88,
     89,
     95
    ],
    "n_diverging": 152,
    "boundary_excluded_frames": null,
    "n_boundary_excluded": 0,
    "boundary_excluded_rate": 0.0,
    "boundary_eps": 0.001,
    "threshold": 0.3,
    "max_boundary_rate": 0.005,
    "scores_available": true
   },
   "mclintok_widescreen.mp4": {
    "PASS": false,
    "n_frames": 507,
    "diverging_frames": [
     6,
     8,
     12,
     15,
     17,
     18,
     19,
     21,
     23,
     26,
     27,
     28,
     29,
     30,
     31,
     32,
     34,
     35,
     37,
     38,
     39,
     40,
     41,
     42,
     43,
     44,
     45,
     46,
     52,
     53,
     54,
     55,
     57,
     58,
     59,
     60,
     61,
     62,
     63,
     64,
     67,
     69,
     73,
     79,
     80,
     82,
     85,
     87,
     88,
     91
    ],
    "n_diverging": 264,
    "boundary_excluded_frames": null,
    "n_boundary_excluded": 0,
    "boundary_excluded_rate": 0.0,
    "boundary_eps": 0.001,
    "threshold": 0.3,
    "max_boundary_rate": 0.005,
    "scores_available": true
   },
   "street_angel.mp4": {
    "PASS": false,
    "n_frames": 362,
    "diverging_frames": [
     5,
     8,
     12,
     15,
     16,
     17,
     18,
     19,
     20,
     21,
     23,
     25,
     29,
     30,
     33,
     34,
     40,
     41,
     42,
     44,
     48,
     50,
     51,
     56,
     57,
     65,
     66,
     72,
     76,
     79,
     81,
     82,
     83,
     96,
     99,
     105,
     106,
     110,
     116,
     119,
     121,
     122,
     126,
     128,
     131,
     134,
     135,
     137,
     139,
     141
    ],
    "n_diverging": 116,
    "boundary_excluded_frames": null,
    "n_boundary_excluded": 0,
    "boundary_excluded_rate": 0.0,
    "boundary_eps": 0.001,
    "threshold": 0.3,
    "max_boundary_rate": 0.005,
    "scores_available": true
   },
   "the-grapes-of-wrath-1940.mp4": {
    "PASS": false,
    "n_frames": 519,
    "diverging_frames": [
     7,
     10,
     13,
     14,
     15,
     20,
     24,
     32,
     39,
     50,
     51,
     56,
     58,
     59,
     60,
     61,
     63,
     65,
     67,
     68,
     70,
     71,
     73,
     74,
     87,
     88,
     92,
     94,
     95,
     98,
     102,
     104,
     107,
     111,
     112,
     114,
     115,
     122,
     125,
     127,
     128,
     129,
     131,
     132,
     133,
     135,
     137,
     139,
     140,
     142
    ],
    "n_diverging": 223,
    "boundary_excluded_frames": null,
    "n_boundary_excluded": 0,
    "boundary_excluded_rate": 0.0,
    "boundary_eps": 0.001,
    "threshold": 0.3,
    "max_boundary_rate": 0.005,
    "scores_available": true
   }
  },
  "score_triage_first_failure": {
   "diagnostic_only": true,
   "eps": 0.0001,
   "n_frames_compared": 147,
   "n_frames_count_mismatch": 101,
   "max_paired_delta": 0.36795830726623535,
   "all_paired_within_eps": false
  }
 },
 "char_conservation": {
  "PASS": false,
  "tol": 0.02,
  "n_pairs": 35,
  "worst_abs_deviation": 0.0418,
  "rows": [
   {
    "video": "HouseOnBareMountain.mp4",
    "PASS": false,
    "ratio_rr_over_li": 1.0268
   },
   {
    "video": "ABucketofBlood.mp4",
    "PASS": false,
    "ratio_rr_over_li": 1.0418
   },
   {
    "video": "Mr._Wong_Detective.mp4",
    "PASS": false,
    "ratio_rr_over_li": 1.0249
   },
   {
    "video": "A_Study_In_Scarlet.mp4",
    "PASS": true,
    "ratio_rr_over_li": 1.0082
   },
   {
    "video": "JailBait.mp4",
    "PASS": true,
    "ratio_rr_over_li": 1.0047
   },
   {
    "video": "DiaryOfANudistwidescreen.mp4",
    "PASS": false,
    "ratio_rr_over_li": 1.0306
   },
   {
    "video": "HorrorHotel1960.mp4",
    "PASS": false,
    "ratio_rr_over_li": 1.0303
   },
   {
    "video": "LouisianaHussy_319.mp4",
    "PASS": true,
    "ratio_rr_over_li": 1.0001
   },
   {
    "video": "Gung_Ho.mp4",
    "PASS": true,
    "ratio_rr_over_li": 1.0133
   },
   {
    "video": "LadyofBurlesque.mp4",
    "PASS": true,
    "ratio_rr_over_li": 1.0035
   },
   {
    "video": "AtWarWithTheArmy.mp4",
    "PASS": true,
    "ratio_rr_over_li": 1.0031
   },
   {
    "video": "Mastertouch.mp4",
    "PASS": false,
    "ratio_rr_over_li": 1.0326
   },
   {
    "video": "20000LeaguesUndertheSea.mp4",
    "PASS": true,
    "ratio_rr_over_li": 1.0014
   },
   {
    "video": "Jamaica_Inn.mp4",
    "PASS": false,
    "ratio_rr_over_li": 1.021
   },
   {
    "video": "Eisenstein-October.mp4",
    "PASS": true,
    "ratio_rr_over_li": 1.0021
   },
   {
    "video": "TheWomanInGreen1945.mp4",
    "PASS": true,
    "ratio_rr_over_li": 1.0068
   },
   {
    "video": "Sabotage_1936.mp4",
    "PASS": true,
    "ratio_rr_over_li": 0.9811
   },
   {
    "video": "TheMarinesareComing.mp4",
    "PASS": false,
    "ratio_rr_over_li": 1.0252
   },
   {
    "video": "The_Mystery_of_Mr._Wong.mp4",
    "PASS": true,
    "ratio_rr_over_li": 1.0183
   },
   {
    "video": "TheyMadeMeAKiller.mp4",
    "PASS": false,
    "ratio_rr_over_li": 1.021
   },
   {
    "video": "TheWhiteWarrior1961.mp4",
    "PASS": false,
    "ratio_rr_over_li": 1.0401
   },
   {
    "video": "ThisisNotaTest.mp4",
    "PASS": true,
    "ratio_rr_over_li": 1.0107
   },
   {
    "video": "WorldGoneMad.mp4",
    "PASS": true,
    "ratio_rr_over_li": 1.0126
   },
   {
    "video": "Two_Dollar_Bettor_movie.mp4",
    "PASS": true,
    "ratio_rr_over_li": 1.0151
   },
   {
    "video": "DoubleFeatureHell8grindhouse3.mp4",
    "PASS": true,
    "ratio_rr_over_li": 1.0196
   },
   {
    "video": "TheGolem_893.mp4",
    "PASS": true,
    "ratio_rr_over_li": 1.0003
   },
   {
    "video": "indestructible_man.mp4",
    "PASS": true,
    "ratio_rr_over_li": 1.0196
   },
   {
    "video": "The_Hunchback_of_Notre_Dame.mp4",
    "PASS": true,
    "ratio_rr_over_li": 1.0003
   },
   {
    "video": "parole_inc.mp4",
    "PASS": true,
    "ratio_rr_over_li": 1.0185
   },
   {
    "video": "gammera.mp4",
    "PASS": true,
    "ratio_rr_over_li": 1.0026
   },
   {
    "video": "rhythm_blues_review.mp4",
    "PASS": false,
    "ratio_rr_over_li": 1.026
   },
   {
    "video": "slave_in_bondage.mp4",
    "PASS": true,
    "ratio_rr_over_li": 1.0068
   },
   {
    "video": "mclintok_widescreen.mp4",
    "PASS": false,
    "ratio_rr_over_li": 1.0302
   },
   {
    "video": "street_angel.mp4",
    "PASS": true,
    "ratio_rr_over_li": 1.0124
   },
   {
    "video": "the-grapes-of-wrath-1940.mp4",
    "PASS": false,
    "ratio_rr_over_li": 1.0355
   }
  ]
 },
 "boundary_exclusions_total": 3,
 "chunk_count_ratio": {
  "gated": false,
  "n_pairs": 35,
  "ratio_min_median_max": [
   1.133,
   1.31,
   1.494
  ],
  "per_video": {
   "HouseOnBareMountain.mp4": 1.471,
   "ABucketofBlood.mp4": 1.431,
   "Mr._Wong_Detective.mp4": 1.415,
   "A_Study_In_Scarlet.mp4": 1.306,
   "JailBait.mp4": 1.3,
   "DiaryOfANudistwidescreen.mp4": 1.25,
   "HorrorHotel1960.mp4": 1.288,
   "LouisianaHussy_319.mp4": 1.133,
   "Gung_Ho.mp4": 1.316,
   "LadyofBurlesque.mp4": 1.325,
   "AtWarWithTheArmy.mp4": 1.272,
   "Mastertouch.mp4": 1.284,
   "20000LeaguesUndertheSea.mp4": 1.192,
   "Jamaica_Inn.mp4": 1.25,
   "Eisenstein-October.mp4": 1.242,
   "TheWomanInGreen1945.mp4": 1.318,
   "Sabotage_1936.mp4": 1.256,
   "TheMarinesareComing.mp4": 1.27,
   "The_Mystery_of_Mr._Wong.mp4": 1.376,
   "TheyMadeMeAKiller.mp4": 1.211,
   "TheWhiteWarrior1961.mp4": 1.378,
   "ThisisNotaTest.mp4": 1.215,
   "WorldGoneMad.mp4": 1.247,
   "Two_Dollar_Bettor_movie.mp4": 1.424,
   "DoubleFeatureHell8grindhouse3.mp4": 1.31,
   "TheGolem_893.mp4": 1.261,
   "indestructible_man.mp4": 1.324,
   "The_Hunchback_of_Notre_Dame.mp4": 1.284,
   "parole_inc.mp4": 1.413,
   "gammera.mp4": 1.319,
   "rhythm_blues_review.mp4": 1.398,
   "slave_in_bondage.mp4": 1.327,
   "mclintok_widescreen.mp4": 1.494,
   "street_angel.mp4": 1.324,
   "the-grapes-of-wrath-1940.mp4": 1.345
  }
 },
 "n_rr": 35,
 "n_li": 35,
 "n_paired": 35,
 "rr_chunk_config_measured": {
  "chunk_size_max_observed": 3999,
  "chunk_chars_median": 3339
 },
 "li_chunk_config_measured": {
  "chunk_size_max_observed": 4000,
  "chunk_chars_median": 3992
 }
}
cross: default/blast_p2
CROSS GATES FAILED: default/blast_p2
{
 "basis": "equal-work gates ONLY \u2014 the RR default (out-of-box) posture is an RR-internal ratio (Crossroad 27), not a cross-arm performance comparison | DISCLOSURES: char_conservation verdict at the Phase-1 +/-2 pct default is band-cutting DATA for the films band (Ruling L equivalence note), not a calibrated headline; the gate-3 boundary-exclusion drift cap (0.5 pct/video) is LIVE and UNSIZED for films content (H16 open \u2014 do not read its verdict as calibrated).",
 "cross_detection_agreement": {
  "PASS": false,
  "armed_by_probe_run": "films-staging-20260901T203906Z-1560b286",
  "n_videos": 35,
  "failing": [
   "HouseOnBareMountain.mp4",
   "ABucketofBlood.mp4",
   "Mr._Wong_Detective.mp4",
   "A_Study_In_Scarlet.mp4",
   "JailBait.mp4",
   "DiaryOfANudistwidescreen.mp4",
   "HorrorHotel1960.mp4",
   "Gung_Ho.mp4",
   "AtWarWithTheArmy.mp4",
   "Mastertouch.mp4",
   "Jamaica_Inn.mp4",
   "TheWomanInGreen1945.mp4",
   "Sabotage_1936.mp4",
   "TheMarinesareComing.mp4",
   "The_Mystery_of_Mr._Wong.mp4",
   "TheyMadeMeAKiller.mp4",
   "TheWhiteWarrior1961.mp4",
   "ThisisNotaTest.mp4",
   "WorldGoneMad.mp4",
   "Two_Dollar_Bettor_movie.mp4",
   "DoubleFeatureHell8grindhouse3.mp4",
   "indestructible_man.mp4",
   "parole_inc.mp4",
   "rhythm_blues_review.mp4",
   "slave_in_bondage.mp4",
   "mclintok_widescreen.mp4",
   "street_angel.mp4",
   "the-grapes-of-wrath-1940.mp4"
  ],
  "per_video": {
   "HouseOnBareMountain.mp4": {
    "PASS": false,
    "n_frames": 248,
    "diverging_frames": [
     10,
     11,
     12,
     14,
     15,
     16,
     18,
     25,
     27,
     33,
     34,
     35,
     37,
     38,
     41,
     43,
     48,
     55,
     60,
     61,
     65,
     67,
     74,
     75,
     77,
     81,
     84,
     85,
     86,
     87,
     88,
     90,
     91,
     92,
     103,
     105,
     106,
     110,
     111,
     113,
     120,
     124,
     127,
     128,
     129,
     130,
     136,
     137,
     142,
     145
    ],
    "n_diverging": 113,
    "boundary_excluded_frames": [
     4
    ],
    "n_boundary_excluded": 1,
    "boundary_excluded_rate": 0.004032,
    "boundary_eps": 0.001,
    "threshold": 0.3,
    "max_boundary_rate": 0.005,
    "scores_available": true
   },
   "ABucketofBlood.mp4": {
    "PASS": false,
    "n_frames": 262,
    "diverging_frames": [
     2,
     3,
     4,
     8,
     10,
     12,
     17,
     19,
     20,
     21,
     22,
     23,
     24,
     25,
     26,
     27,
     30,
     34,
     35,
     37,
     38,
     39,
     40,
     42,
     43,
     44,
     48,
     49,
     50,
     51,
     52,
     54,
     55,
     56,
     57,
     60,
     62,
     63,
     64,
     66,
     67,
     68,
     69,
     70,
     72,
     73,
     75,
     76,
     79,
     86
    ],
    "n_diverging": 134,
    "boundary_excluded_frames": null,
    "n_boundary_excluded": 0,
    "boundary_excluded_rate": 0.0,
    "boundary_eps": 0.001,
    "threshold": 0.3,
    "max_boundary_rate": 0.005,
    "scores_available": true
   },
   "Mr._Wong_Detective.mp4": {
    "PASS": false,
    "n_frames": 274,
    "diverging_frames": [
     5,
     6,
     7,
     11,
     13,
     16,
     22,
     24,
     27,
     28,
     29,
     31,
     33,
     34,
     35,
     37,
     38,
     39,
     40,
     41,
     43,
     47,
     54,
     55,
     59,
     60,
     61,
     64,
     65,
     67,
     68,
     69,
     71,
     77,
     78,
     79,
     80,
     81,
     82,
     83,
     85,
     87,
     88,
     89,
     90,
     91,
     92,
     93,
     94,
     95
    ],
    "n_diverging": 144,
    "boundary_excluded_frames": null,
    "n_boundary_excluded": 0,
    "boundary_excluded_rate": 0.0,
    "boundary_eps": 0.001,
    "threshold": 0.3,
    "max_boundary_rate": 0.005,
    "scores_available": true
   },
   "A_Study_In_Scarlet.mp4": {
    "PASS": false,
    "n_frames": 285,
    "diverging_frames": [
     1,
     2,
     4,
     7,
     10,
     11,
     12,
     15,
     17,
     19,
     20,
     21,
     23,
     24,
     25,
     29,
     30,
     31,
     33,
     37,
     38,
     39,
     40,
     41,
     43,
     44,
     45,
     46,
     47,
     50,
     52,
     53,
     62,
     64,
     71,
     73,
     74,
     76,
     80,
     81,
     82,
     84,
     85,
     86,
     87,
     92,
     93,
     98,
     111,
     113
    ],
    "n_diverging": 113,
    "boundary_excluded_frames": [
     122
    ],
    "n_boundary_excluded": 1,
    "boundary_excluded_rate": 0.003509,
    "boundary_eps": 0.001,
    "threshold": 0.3,
    "max_boundary_rate": 0.005,
    "scores_available": true
   },
   "JailBait.mp4": {
    "PASS": false,
    "n_frames": 285,
    "diverging_frames": [
     81
    ],
    "n_diverging": 1,
    "boundary_excluded_frames": null,
    "n_boundary_excluded": 0,
    "boundary_excluded_rate": 0.0,
    "boundary_eps": 0.001,
    "threshold": 0.3,
    "max_boundary_rate": 0.005,
    "scores_available": true
   },
   "DiaryOfANudistwidescreen.mp4": {
    "PASS": false,
    "n_frames": 287,
    "diverging_frames": [
     2,
     3,
     6,
     12,
     13,
     14,
     22,
     24,
     29,
     32,
     33,
     38,
     46,
     47,
     52,
     57,
     58,
     60,
     62,
     65,
     67,
     69,
     70,
     71,
     74,
     77,
     81,
     82,
     83,
     89,
     90,
     96,
     101,
     106,
     108,
     109,
     112,
     115,
     116,
     117,
     119,
     121,
     124,
     125,
     126,
     132,
     133,
     139,
     140,
     141
    ],
    "n_diverging": 103,
    "boundary_excluded_frames": null,
    "n_boundary_excluded": 0,
    "boundary_excluded_rate": 0.0,
    "boundary_eps": 0.001,
    "threshold": 0.3,
    "max_boundary_rate": 0.005,
    "scores_available": true
   },
   "HorrorHotel1960.mp4": {
    "PASS": false,
    "n_frames": 306,
    "diverging_frames": [
     0,
     6,
     7,
     8,
     10,
     12,
     13,
     14,
     20,
     21,
     24,
     26,
     27,
     28,
     29,
     30,
     32,
     33,
     34,
     38,
     39,
     40,
     45,
     46,
     48,
     50,
     51,
     53,
     55,
     58,
     61,
     73,
     74,
     75,
     79,
     86,
     90,
     92,
     97,
     98,
     99,
     101,
     102,
     104,
     107,
     110,
     118,
     119,
     120,
     124
    ],
    "n_diverging": 127,
    "boundary_excluded_frames": null,
    "n_boundary_excluded": 0,
    "boundary_excluded_rate": 0.0,
    "boundary_eps": 0.001,
    "threshold": 0.3,
    "max_boundary_rate": 0.005,
    "scores_available": true
   },
   "LouisianaHussy_319.mp4": {
    "PASS": true,
    "n_frames": 339,
    "diverging_frames": null,
    "n_diverging": 0,
    "boundary_excluded_frames": null,
    "n_boundary_excluded": 0,
    "boundary_excluded_rate": 0.0,
    "boundary_eps": 0.001,
    "threshold": 0.3,
    "max_boundary_rate": 0.005,
    "scores_available": true
   },
   "Gung_Ho.mp4": {
    "PASS": false,
    "n_frames": 344,
    "diverging_frames": [
     1,
     9,
     14,
     18,
     20,
     21,
     23,
     25,
     29,
     33,
     36,
     39,
     42,
     43,
     45,
     46,
     47,
     50,
     55,
     56,
     58,
     59,
     60,
     61,
     62,
     65,
     69,
     71,
     73,
     75,
     78,
     80,
     82,
     84,
     87,
     88,
     90,
     91,
     93,
     95,
     96,
     97,
     98,
     100,
     101,
     103,
     105,
     106,
     108,
     109
    ],
    "n_diverging": 161,
    "boundary_excluded_frames": [
     226
    ],
    "n_boundary_excluded": 1,
    "boundary_excluded_rate": 0.002907,
    "boundary_eps": 0.001,
    "threshold": 0.3,
    "max_boundary_rate": 0.005,
    "scores_available": true
   },
   "LadyofBurlesque.mp4": {
    "PASS": true,
    "n_frames": 361,
    "diverging_frames": null,
    "n_diverging": 0,
    "boundary_excluded_frames": null,
    "n_boundary_excluded": 0,
    "boundary_excluded_rate": 0.0,
    "boundary_eps": 0.001,
    "threshold": 0.3,
    "max_boundary_rate": 0.005,
    "scores_available": true
   },
   "AtWarWithTheArmy.mp4": {
    "PASS": false,
    "n_frames": 362,
    "diverging_frames": [
     6,
     7,
     10,
     11,
     13,
     14,
     15,
     19,
     20,
     21,
     26,
     27,
     28,
     29,
     30,
     31,
     32,
     36,
     47,
     49,
     51,
     56,
     59,
     60,
     61,
     62,
     65,
     73,
     75,
     76,
     77,
     81,
     84,
     85,
     89,
     90,
     92,
     93,
     94,
     95,
     100,
     101,
     102,
     106,
     107,
     108,
     115,
     118,
     120,
     122
    ],
    "n_diverging": 175,
    "boundary_excluded_frames": null,
    "n_boundary_excluded": 0,
    "boundary_excluded_rate": 0.0,
    "boundary_eps": 0.001,
    "threshold": 0.3,
    "max_boundary_rate": 0.005,
    "scores_available": true
   },
   "Mastertouch.mp4": {
    "PASS": false,
    "n_frames": 369,
    "diverging_frames": [
     1,
     2,
     3,
     6,
     9,
     16,
     17,
     24,
     26,
     27,
     29,
     30,
     32,
     33,
     35,
     36,
     41,
     42,
     47,
     48,
     56,
     57,
     58,
     60,
     61,
     64,
     66,
     70,
     71,
     74,
     75,
     77,
     79,
     83,
     84,
     87,
     89,
     91,
     93,
     94,
     95,
     98,
     102,
     105,
     107,
     110,
     113,
     114,
     115,
     118
    ],
    "n_diverging": 157,
    "boundary_excluded_frames": null,
    "n_boundary_excluded": 0,
    "boundary_excluded_rate": 0.0,
    "boundary_eps": 0.001,
    "threshold": 0.3,
    "max_boundary_rate": 0.005,
    "scores_available": true
   },
   "20000LeaguesUndertheSea.mp4": {
    "PASS": true,
    "n_frames": 395,
    "diverging_frames": null,
    "n_diverging": 0,
    "boundary_excluded_frames": null,
    "n_boundary_excluded": 0,
    "boundary_excluded_rate": 0.0,
    "boundary_eps": 0.001,
    "threshold": 0.3,
    "max_boundary_rate": 0.005,
    "scores_available": true
   },
   "Jamaica_Inn.mp4": {
    "PASS": false,
    "n_frames": 395,
    "diverging_frames": [
     3,
     11,
     17,
     18,
     22,
     24,
     26,
     31,
     32,
     35,
     36,
     38,
     44,
     45,
     46,
     49,
     51,
     53,
     56,
     60,
     66,
     69,
     70,
     75,
     76,
     79,
     80,
     81,
     83,
     85,
     86,
     87,
     92,
     95,
     98,
     100,
     103,
     104,
     105,
     109,
     110,
     112,
     113,
     114,
     115,
     116,
     117,
     120,
     125,
     127
    ],
    "n_diverging": 140,
    "boundary_excluded_frames": null,
    "n_boundary_excluded": 0,
    "boundary_excluded_rate": 0.0,
    "boundary_eps": 0.001,
    "threshold": 0.3,
    "max_boundary_rate": 0.005,
    "scores_available": true
   },
   "Eisenstein-October.mp4": {
    "PASS": true,
    "n_frames": 409,
    "diverging_frames": null,
    "n_diverging": 0,
    "boundary_excluded_frames": null,
    "n_boundary_excluded": 0,
    "boundary_excluded_rate": 0.0,
    "boundary_eps": 0.001,
    "threshold": 0.3,
    "max_boundary_rate": 0.005,
    "scores_available": true
   },
   "TheWomanInGreen1945.mp4": {
    "PASS": false,
    "n_frames": 258,
    "diverging_frames": [
     4,
     5,
     6,
     7,
     8,
     9,
     10,
     11,
     17,
     19,
     21,
     22,
     23,
     25,
     26,
     27,
     28,
     29,
     30,
     31,
     32,
     33,
     38,
     39,
     41,
     43,
     44,
     45,
     50,
     56,
     57,
     59,
     63,
     65,
     69,
     70,
     72,
     73,
     74,
     77,
     78,
     79,
     81,
     84,
     87,
     90,
     95,
     96,
     97,
     99
    ],
    "n_diverging": 124,
    "boundary_excluded_frames": null,
    "n_boundary_excluded": 0,
    "boundary_excluded_rate": 0.0,
    "boundary_eps": 0.001,
    "threshold": 0.3,
    "max_boundary_rate": 0.005,
    "scores_available": true
   },
   "Sabotage_1936.mp4": {
    "PASS": false,
    "n_frames": 304,
    "diverging_frames": [
     3,
     6,
     8,
     12,
     13,
     17,
     22,
     23,
     25,
     26,
     28,
     29,
     30,
     31,
     37,
     39,
     42,
     43,
     44,
     45,
     46,
     48,
     49,
     51,
     55,
     56,
     57,
     58,
     60,
     63,
     69,
     72,
     75,
     79,
     86,
     87,
     88,
     89,
     90,
     93,
     94,
     96,
     100,
     104,
     105,
     106,
     107,
     112,
     113,
     114
    ],
    "n_diverging": 148,
    "boundary_excluded_frames": null,
    "n_boundary_excluded": 0,
    "boundary_excluded_rate": 0.0,
    "boundary_eps": 0.001,
    "threshold": 0.3,
    "max_boundary_rate": 0.005,
    "scores_available": true
   },
   "TheMarinesareComing.mp4": {
    "PASS": false,
    "n_frames": 284,
    "diverging_frames": [
     2,
     3,
     5,
     6,
     10,
     11,
     12,
     13,
     14,
     15,
     19,
     23,
     25,
     34,
     35,
     36,
     37,
     38,
     40,
     43,
     44,
     46,
     47,
     50,
     51,
     52,
     54,
     55,
     58,
     59,
     60,
     62,
     64,
     72,
     76,
     78,
     79,
     91,
     92,
     94,
     96,
     97,
     98,
     99,
     101,
     102,
     103,
     107,
     108,
     112
    ],
    "n_diverging": 126,
    "boundary_excluded_frames": null,
    "n_boundary_excluded": 0,
    "boundary_excluded_rate": 0.0,
    "boundary_eps": 0.001,
    "threshold": 0.3,
    "max_boundary_rate": 0.005,
    "scores_available": true
   },
   "The_Mystery_of_Mr._Wong.mp4": {
    "PASS": false,
    "n_frames": 282,
    "diverging_frames": [
     1,
     9,
     10,
     12,
     14,
     15,
     16,
     19,
     22,
     23,
     24,
     36,
     38,
     39,
     41,
     42,
     49,
     50,
     53,
     55,
     58,
     59,
     61,
     62,
     64,
     68,
     74,
     75,
     76,
     77,
     79,
     81,
     83,
     84,
     86,
     88,
     92,
     94,
     95,
     96,
     97,
     98,
     99,
     100,
     101,
     102,
     103,
     104,
     108,
     109
    ],
    "n_diverging": 124,
    "boundary_excluded_frames": null,
    "n_boundary_excluded": 0,
    "boundary_excluded_rate": 0.0,
    "boundary_eps": 0.001,
    "threshold": 0.3,
    "max_boundary_rate": 0.005,
    "scores_available": true
   },
   "TheyMadeMeAKiller.mp4": {
    "PASS": false,
    "n_frames": 257,
    "diverging_frames": [
     3,
     4,
     5,
     7,
     11,
     12,
     14,
     15,
     16,
     18,
     24,
     25,
     26,
     27,
     28,
     29,
     32,
     34,
     35,
     36,
     43,
     46,
     48,
     49,
     51,
     53,
     57,
     59,
     60,
     61,
     67,
     69,
     70,
     73,
     76,
     77,
     79,
     82,
     84,
     87,
     88,
     89,
     90,
     92,
     93,
     94,
     95,
     97,
     98,
     99
    ],
    "n_diverging": 132,
    "boundary_excluded_frames": null,
    "n_boundary_excluded": 0,
    "boundary_excluded_rate": 0.0,
    "boundary_eps": 0.001,
    "threshold": 0.3,
    "max_boundary_rate": 0.005,
    "scores_available": true
   },
   "TheWhiteWarrior1961.mp4": {
    "PASS": false,
    "n_frames": 342,
    "diverging_frames": [
     2,
     5,
     7,
     13,
     14,
     15,
     17,
     18,
     20,
     22,
     23,
     25,
     26,
     27,
     30,
     31,
     36,
     39,
     40,
     41,
     42,
     44,
     47,
     48,
     50,
     51,
     53,
     54,
     55,
     60,
     63,
     65,
     66,
     68,
     69,
     70,
     71,
     75,
     76,
     77,
     78,
     79,
     80,
     81,
     90,
     91,
     92,
     99,
     102,
     105
    ],
    "n_diverging": 153,
    "boundary_excluded_frames": null,
    "n_boundary_excluded": 0,
    "boundary_excluded_rate": 0.0,
    "boundary_eps": 0.001,
    "threshold": 0.3,
    "max_boundary_rate": 0.005,
    "scores_available": true
   },
   "ThisisNotaTest.mp4": {
    "PASS": false,
    "n_frames": 289,
    "diverging_frames": [
     4,
     6,
     7,
     8,
     9,
     10,
     13,
     14,
     17,
     19,
     20,
     22,
     23,
     24,
     26,
     27,
     31,
     32,
     38,
     40,
     44,
     46,
     48,
     52,
     53,
     57,
     58,
     62,
     63,
     66,
     67,
     68,
     70,
     72,
     76,
     77,
     79,
     82,
     85,
     90,
     91,
     97,
     102,
     103,
     105,
     107,
     109,
     110,
     111,
     112
    ],
    "n_diverging": 124,
    "boundary_excluded_frames": null,
    "n_boundary_excluded": 0,
    "boundary_excluded_rate": 0.0,
    "boundary_eps": 0.001,
    "threshold": 0.3,
    "max_boundary_rate": 0.005,
    "scores_available": true
   },
   "WorldGoneMad.mp4": {
    "PASS": false,
    "n_frames": 284,
    "diverging_frames": [
     2,
     10,
     15,
     17,
     20,
     21,
     24,
     27,
     30,
     36,
     37,
     38,
     42,
     43,
     45,
     46,
     48,
     49,
     52,
     56,
     59,
     64,
     66,
     68,
     69,
     70,
     71,
     78,
     79,
     80,
     81,
     82,
     83,
     84,
     85,
     89,
     91,
     95,
     98,
     100,
     102,
     103,
     105,
     107,
     110,
     115,
     119,
     121,
     122,
     123
    ],
    "n_diverging": 124,
    "boundary_excluded_frames": null,
    "n_boundary_excluded": 0,
    "boundary_excluded_rate": 0.0,
    "boundary_eps": 0.001,
    "threshold": 0.3,
    "max_boundary_rate": 0.005,
    "scores_available": true
   },
   "Two_Dollar_Bettor_movie.mp4": {
    "PASS": false,
    "n_frames": 286,
    "diverging_frames": [
     5,
     6,
     7,
     8,
     9,
     11,
     12,
     13,
     14,
     15,
     16,
     18,
     19,
     20,
     21,
     24,
     27,
     31,
     33,
     34,
     35,
     39,
     40,
     41,
     42,
     44,
     45,
     47,
     52,
     53,
     54,
     57,
     58,
     62,
     66,
     68,
     70,
     71,
     75,
     79,
     81,
     84,
     85,
     87,
     90,
     91,
     93,
     94,
     95,
     97
    ],
    "n_diverging": 144,
    "boundary_excluded_frames": null,
    "n_boundary_excluded": 0,
    "boundary_excluded_rate": 0.0,
    "boundary_eps": 0.001,
    "threshold": 0.3,
    "max_boundary_rate": 0.005,
    "scores_available": true
   },
   "DoubleFeatureHell8grindhouse3.mp4": {
    "PASS": false,
    "n_frames": 664,
    "diverging_frames": [
     2,
     3,
     4,
     6,
     8,
     11,
     15,
     22,
     23,
     24,
     25,
     27,
     28,
     33,
     36,
     37,
     39,
     41,
     47,
     49,
     52,
     54,
     57,
     59,
     60,
     61,
     63,
     64,
     68,
     72,
     79,
     82,
     86,
     88,
     89,
     92,
     94,
     98,
     100,
     101,
     102,
     104,
     105,
     107,
     108,
     110,
     117,
     120,
     122,
     127
    ],
    "n_diverging": 255,
    "boundary_excluded_frames": null,
    "n_boundary_excluded": 0,
    "boundary_excluded_rate": 0.0,
    "boundary_eps": 0.001,
    "threshold": 0.3,
    "max_boundary_rate": 0.005,
    "scores_available": true
   },
   "TheGolem_893.mp4": {
    "PASS": true,
    "n_frames": 406,
    "diverging_frames": null,
    "n_diverging": 0,
    "boundary_excluded_frames": null,
    "n_boundary_excluded": 0,
    "boundary_excluded_rate": 0.0,
    "boundary_eps": 0.001,
    "threshold": 0.3,
    "max_boundary_rate": 0.005,
    "scores_available": true
   },
   "indestructible_man.mp4": {
    "PASS": false,
    "n_frames": 284,
    "diverging_frames": [
     8,
     10,
     16,
     17,
     18,
     19,
     23,
     25,
     29,
     30,
     31,
     33,
     34,
     35,
     36,
     37,
     39,
     41,
     45,
     49,
     53,
     56,
     57,
     58,
     60,
     62,
     63,
     65,
     67,
     69,
     72,
     74,
     75,
     76,
     80,
     86,
     96,
     100,
     101,
     102,
     103,
     104,
     108,
     113,
     114,
     116,
     117,
     123,
     125,
     126
    ],
    "n_diverging": 108,
    "boundary_excluded_frames": null,
    "n_boundary_excluded": 0,
    "boundary_excluded_rate": 0.0,
    "boundary_eps": 0.001,
    "threshold": 0.3,
    "max_boundary_rate": 0.005,
    "scores_available": true
   },
   "The_Hunchback_of_Notre_Dame.mp4": {
    "PASS": true,
    "n_frames": 403,
    "diverging_frames": null,
    "n_diverging": 0,
    "boundary_excluded_frames": null,
    "n_boundary_excluded": 0,
    "boundary_excluded_rate": 0.0,
    "boundary_eps": 0.001,
    "threshold": 0.3,
    "max_boundary_rate": 0.005,
    "scores_available": true
   },
   "parole_inc.mp4": {
    "PASS": false,
    "n_frames": 285,
    "diverging_frames": [
     10,
     11,
     12,
     14,
     17,
     18,
     19,
     21,
     22,
     23,
     24,
     25,
     27,
     28,
     29,
     31,
     33,
     34,
     35,
     36,
     37,
     39,
     42,
     43,
     45,
     46,
     47,
     48,
     52,
     53,
     54,
     55,
     56,
     57,
     59,
     60,
     61,
     62,
     63,
     65,
     67,
     69,
     70,
     72,
     73,
     74,
     75,
     76,
     77,
     81
    ],
    "n_diverging": 159,
    "boundary_excluded_frames": null,
    "n_boundary_excluded": 0,
    "boundary_excluded_rate": 0.0,
    "boundary_eps": 0.001,
    "threshold": 0.3,
    "max_boundary_rate": 0.005,
    "scores_available": true
   },
   "gammera.mp4": {
    "PASS": true,
    "n_frames": 341,
    "diverging_frames": null,
    "n_diverging": 0,
    "boundary_excluded_frames": null,
    "n_boundary_excluded": 0,
    "boundary_excluded_rate": 0.0,
    "boundary_eps": 0.001,
    "threshold": 0.3,
    "max_boundary_rate": 0.005,
    "scores_available": true
   },
   "rhythm_blues_review.mp4": {
    "PASS": false,
    "n_frames": 286,
    "diverging_frames": [
     8,
     12,
     14,
     17,
     18,
     21,
     23,
     25,
     26,
     27,
     28,
     29,
     30,
     35,
     36,
     46,
     47,
     50,
     52,
     54,
     59,
     60,
     64,
     65,
     66,
     73,
     78,
     80,
     83,
     85,
     86,
     88,
     91,
     92,
     93,
     95,
     97,
     98,
     103,
     105,
     112,
     113,
     114,
     115,
     117,
     118,
     119,
     120,
     121,
     122
    ],
    "n_diverging": 116,
    "boundary_excluded_frames": null,
    "n_boundary_excluded": 0,
    "boundary_excluded_rate": 0.0,
    "boundary_eps": 0.001,
    "threshold": 0.3,
    "max_boundary_rate": 0.005,
    "scores_available": true
   },
   "slave_in_bondage.mp4": {
    "PASS": false,
    "n_frames": 277,
    "diverging_frames": [
     5,
     8,
     9,
     11,
     15,
     16,
     18,
     19,
     20,
     23,
     24,
     27,
     29,
     31,
     32,
     33,
     34,
     35,
     38,
     39,
     40,
     45,
     47,
     48,
     49,
     52,
     55,
     56,
     58,
     61,
     62,
     63,
     64,
     65,
     67,
     69,
     70,
     71,
     72,
     77,
     78,
     79,
     80,
     81,
     83,
     86,
     87,
     88,
     89,
     95
    ],
    "n_diverging": 152,
    "boundary_excluded_frames": null,
    "n_boundary_excluded": 0,
    "boundary_excluded_rate": 0.0,
    "boundary_eps": 0.001,
    "threshold": 0.3,
    "max_boundary_rate": 0.005,
    "scores_available": true
   },
   "mclintok_widescreen.mp4": {
    "PASS": false,
    "n_frames": 507,
    "diverging_frames": [
     6,
     8,
     12,
     15,
     17,
     18,
     19,
     21,
     23,
     26,
     27,
     28,
     29,
     30,
     31,
     32,
     34,
     35,
     37,
     38,
     39,
     40,
     41,
     42,
     43,
     44,
     45,
     46,
     52,
     53,
     54,
     55,
     57,
     58,
     59,
     60,
     61,
     62,
     63,
     64,
     67,
     69,
     73,
     79,
     80,
     82,
     85,
     87,
     88,
     91
    ],
    "n_diverging": 264,
    "boundary_excluded_frames": null,
    "n_boundary_excluded": 0,
    "boundary_excluded_rate": 0.0,
    "boundary_eps": 0.001,
    "threshold": 0.3,
    "max_boundary_rate": 0.005,
    "scores_available": true
   },
   "street_angel.mp4": {
    "PASS": false,
    "n_frames": 362,
    "diverging_frames": [
     5,
     8,
     12,
     15,
     16,
     17,
     18,
     19,
     20,
     21,
     23,
     25,
     29,
     30,
     33,
     34,
     40,
     41,
     42,
     44,
     48,
     50,
     51,
     56,
     57,
     65,
     66,
     72,
     76,
     79,
     81,
     82,
     83,
     96,
     99,
     105,
     106,
     110,
     116,
     119,
     121,
     122,
     126,
     128,
     131,
     134,
     135,
     137,
     139,
     141
    ],
    "n_diverging": 116,
    "boundary_excluded_frames": null,
    "n_boundary_excluded": 0,
    "boundary_excluded_rate": 0.0,
    "boundary_eps": 0.001,
    "threshold": 0.3,
    "max_boundary_rate": 0.005,
    "scores_available": true
   },
   "the-grapes-of-wrath-1940.mp4": {
    "PASS": false,
    "n_frames": 519,
    "diverging_frames": [
     7,
     10,
     13,
     14,
     15,
     20,
     24,
     32,
     39,
     50,
     51,
     56,
     58,
     59,
     60,
     61,
     63,
     65,
     67,
     68,
     70,
     71,
     73,
     74,
     87,
     88,
     92,
     94,
     95,
     98,
     102,
     104,
     107,
     111,
     112,
     114,
     115,
     122,
     125,
     127,
     128,
     129,
     131,
     132,
     133,
     135,
     137,
     139,
     140,
     142
    ],
    "n_diverging": 223,
    "boundary_excluded_frames": null,
    "n_boundary_excluded": 0,
    "boundary_excluded_rate": 0.0,
    "boundary_eps": 0.001,
    "threshold": 0.3,
    "max_boundary_rate": 0.005,
    "scores_available": true
   }
  },
  "score_triage_first_failure": {
   "diagnostic_only": true,
   "eps": 0.0001,
   "n_frames_compared": 147,
   "n_frames_count_mismatch": 101,
   "max_paired_delta": 0.36795830726623535,
   "all_paired_within_eps": false
  }
 },
 "char_conservation": {
  "PASS": false,
  "tol": 0.02,
  "n_pairs": 35,
  "worst_abs_deviation": 0.0418,
  "rows": [
   {
    "video": "HouseOnBareMountain.mp4",
    "PASS": false,
    "ratio_rr_over_li": 1.0268
   },
   {
    "video": "ABucketofBlood.mp4",
    "PASS": false,
    "ratio_rr_over_li": 1.0418
   },
   {
    "video": "Mr._Wong_Detective.mp4",
    "PASS": false,
    "ratio_rr_over_li": 1.0249
   },
   {
    "video": "A_Study_In_Scarlet.mp4",
    "PASS": true,
    "ratio_rr_over_li": 1.0082
   },
   {
    "video": "JailBait.mp4",
    "PASS": true,
    "ratio_rr_over_li": 1.0047
   },
   {
    "video": "DiaryOfANudistwidescreen.mp4",
    "PASS": false,
    "ratio_rr_over_li": 1.0306
   },
   {
    "video": "HorrorHotel1960.mp4",
    "PASS": false,
    "ratio_rr_over_li": 1.0303
   },
   {
    "video": "LouisianaHussy_319.mp4",
    "PASS": true,
    "ratio_rr_over_li": 1.0001
   },
   {
    "video": "Gung_Ho.mp4",
    "PASS": true,
    "ratio_rr_over_li": 1.0133
   },
   {
    "video": "LadyofBurlesque.mp4",
    "PASS": true,
    "ratio_rr_over_li": 1.0035
   },
   {
    "video": "AtWarWithTheArmy.mp4",
    "PASS": true,
    "ratio_rr_over_li": 1.0031
   },
   {
    "video": "Mastertouch.mp4",
    "PASS": false,
    "ratio_rr_over_li": 1.0326
   },
   {
    "video": "20000LeaguesUndertheSea.mp4",
    "PASS": true,
    "ratio_rr_over_li": 1.0014
   },
   {
    "video": "Jamaica_Inn.mp4",
    "PASS": false,
    "ratio_rr_over_li": 1.021
   },
   {
    "video": "Eisenstein-October.mp4",
    "PASS": true,
    "ratio_rr_over_li": 1.0021
   },
   {
    "video": "TheWomanInGreen1945.mp4",
    "PASS": true,
    "ratio_rr_over_li": 1.0068
   },
   {
    "video": "Sabotage_1936.mp4",
    "PASS": true,
    "ratio_rr_over_li": 0.9811
   },
   {
    "video": "TheMarinesareComing.mp4",
    "PASS": false,
    "ratio_rr_over_li": 1.0252
   },
   {
    "video": "The_Mystery_of_Mr._Wong.mp4",
    "PASS": true,
    "ratio_rr_over_li": 1.0183
   },
   {
    "video": "TheyMadeMeAKiller.mp4",
    "PASS": false,
    "ratio_rr_over_li": 1.021
   },
   {
    "video": "TheWhiteWarrior1961.mp4",
    "PASS": false,
    "ratio_rr_over_li": 1.0401
   },
   {
    "video": "ThisisNotaTest.mp4",
    "PASS": true,
    "ratio_rr_over_li": 1.0107
   },
   {
    "video": "WorldGoneMad.mp4",
    "PASS": true,
    "ratio_rr_over_li": 1.0126
   },
   {
    "video": "Two_Dollar_Bettor_movie.mp4",
    "PASS": true,
    "ratio_rr_over_li": 1.0151
   },
   {
    "video": "DoubleFeatureHell8grindhouse3.mp4",
    "PASS": true,
    "ratio_rr_over_li": 1.0196
   },
   {
    "video": "TheGolem_893.mp4",
    "PASS": true,
    "ratio_rr_over_li": 1.0003
   },
   {
    "video": "indestructible_man.mp4",
    "PASS": true,
    "ratio_rr_over_li": 1.0196
   },
   {
    "video": "The_Hunchback_of_Notre_Dame.mp4",
    "PASS": true,
    "ratio_rr_over_li": 1.0003
   },
   {
    "video": "parole_inc.mp4",
    "PASS": true,
    "ratio_rr_over_li": 1.0185
   },
   {
    "video": "gammera.mp4",
    "PASS": true,
    "ratio_rr_over_li": 1.0026
   },
   {
    "video": "rhythm_blues_review.mp4",
    "PASS": false,
    "ratio_rr_over_li": 1.026
   },
   {
    "video": "slave_in_bondage.mp4",
    "PASS": true,
    "ratio_rr_over_li": 1.0068
   },
   {
    "video": "mclintok_widescreen.mp4",
    "PASS": false,
    "ratio_rr_over_li": 1.0302
   },
   {
    "video": "street_angel.mp4",
    "PASS": true,
    "ratio_rr_over_li": 1.0124
   },
   {
    "video": "the-grapes-of-wrath-1940.mp4",
    "PASS": false,
    "ratio_rr_over_li": 1.0355
   }
  ]
 },
 "boundary_exclusions_total": 3,
 "chunk_count_ratio": {
  "gated": false,
  "n_pairs": 35,
  "ratio_min_median_max": [
   1.133,
   1.31,
   1.494
  ],
  "per_video": {
   "HouseOnBareMountain.mp4": 1.471,
   "ABucketofBlood.mp4": 1.431,
   "Mr._Wong_Detective.mp4": 1.415,
   "A_Study_In_Scarlet.mp4": 1.306,
   "JailBait.mp4": 1.3,
   "DiaryOfANudistwidescreen.mp4": 1.25,
   "HorrorHotel1960.mp4": 1.288,
   "LouisianaHussy_319.mp4": 1.133,
   "Gung_Ho.mp4": 1.316,
   "LadyofBurlesque.mp4": 1.325,
   "AtWarWithTheArmy.mp4": 1.272,
   "Mastertouch.mp4": 1.284,
   "20000LeaguesUndertheSea.mp4": 1.192,
   "Jamaica_Inn.mp4": 1.25,
   "Eisenstein-October.mp4": 1.242,
   "TheWomanInGreen1945.mp4": 1.318,
   "Sabotage_1936.mp4": 1.256,
   "TheMarinesareComing.mp4": 1.27,
   "The_Mystery_of_Mr._Wong.mp4": 1.376,
   "TheyMadeMeAKiller.mp4": 1.211,
   "TheWhiteWarrior1961.mp4": 1.378,
   "ThisisNotaTest.mp4": 1.215,
   "WorldGoneMad.mp4": 1.247,
   "Two_Dollar_Bettor_movie.mp4": 1.424,
   "DoubleFeatureHell8grindhouse3.mp4": 1.31,
   "TheGolem_893.mp4": 1.261,
   "indestructible_man.mp4": 1.324,
   "The_Hunchback_of_Notre_Dame.mp4": 1.284,
   "parole_inc.mp4": 1.413,
   "gammera.mp4": 1.319,
   "rhythm_blues_review.mp4": 1.398,
   "slave_in_bondage.mp4": 1.327,
   "mclintok_widescreen.mp4": 1.494,
   "street_angel.mp4": 1.324,
   "the-grapes-of-wrath-1940.mp4": 1.345
  }
 },
 "n_rr": 35,
 "n_li": 35,
 "n_paired": 35,
 "rr_chunk_config_measured": {
  "chunk_size_max_observed": 3999,
  "chunk_chars_median": 3339
 },
 "li_chunk_config_measured": {
  "chunk_size_max_observed": 4000,
  "chunk_chars_median": 3992
 }
}
cross: parity/blast
CROSS GATES FAILED: parity/blast
{
 "basis": "ruled 16x2-vs-16x2 posture (Rulings M/O) \u2014 cross-arm comparison | DISCLOSURES: char_conservation verdict at the Phase-1 +/-2 pct default is band-cutting DATA for the films band (Ruling L equivalence note), not a calibrated headline; the gate-3 boundary-exclusion drift cap (0.5 pct/video) is LIVE and UNSIZED for films content (H16 open \u2014 do not read its verdict as calibrated).",
 "cross_detection_agreement": {
  "PASS": false,
  "armed_by_probe_run": "films-staging-20260901T203906Z-1560b286",
  "n_videos": 35,
  "failing": [
   "A_Study_In_Scarlet.mp4",
   "HouseOnBareMountain.mp4",
   "Gung_Ho.mp4",
   "AtWarWithTheArmy.mp4",
   "Mastertouch.mp4",
   "Mr._Wong_Detective.mp4",
   "DiaryOfANudistwidescreen.mp4",
   "ABucketofBlood.mp4",
   "HorrorHotel1960.mp4",
   "TheMarinesareComing.mp4",
   "Sabotage_1936.mp4",
   "TheWomanInGreen1945.mp4",
   "TheyMadeMeAKiller.mp4",
   "Jamaica_Inn.mp4",
   "ThisisNotaTest.mp4",
   "WorldGoneMad.mp4",
   "Two_Dollar_Bettor_movie.mp4",
   "The_Mystery_of_Mr._Wong.mp4",
   "TheWhiteWarrior1961.mp4",
   "indestructible_man.mp4",
   "rhythm_blues_review.mp4",
   "slave_in_bondage.mp4",
   "street_angel.mp4",
   "mclintok_widescreen.mp4",
   "parole_inc.mp4",
   "DoubleFeatureHell8grindhouse3.mp4",
   "the-grapes-of-wrath-1940.mp4"
  ],
  "per_video": {
   "A_Study_In_Scarlet.mp4": {
    "PASS": false,
    "n_frames": 285,
    "diverging_frames": [
     1,
     2,
     4,
     7,
     10,
     11,
     12,
     15,
     17,
     19,
     20,
     21,
     23,
     24,
     25,
     29,
     30,
     31,
     33,
     37,
     38,
     39,
     40,
     41,
     43,
     44,
     45,
     46,
     47,
     50,
     52,
     53,
     62,
     64,
     71,
     73,
     74,
     76,
     80,
     81,
     82,
     84,
     85,
     86,
     87,
     92,
     93,
     98,
     111,
     113
    ],
    "n_diverging": 113,
    "boundary_excluded_frames": [
     122
    ],
    "n_boundary_excluded": 1,
    "boundary_excluded_rate": 0.003509,
    "boundary_eps": 0.001,
    "threshold": 0.3,
    "max_boundary_rate": 0.005,
    "scores_available": true
   },
   "HouseOnBareMountain.mp4": {
    "PASS": false,
    "n_frames": 248,
    "diverging_frames": [
     10,
     11,
     12,
     14,
     15,
     16,
     18,
     25,
     27,
     33,
     34,
     35,
     37,
     38,
     41,
     43,
     48,
     55,
     60,
     61,
     65,
     67,
     74,
     75,
     77,
     81,
     84,
     85,
     86,
     87,
     88,
     90,
     91,
     92,
     103,
     105,
     106,
     110,
     111,
     113,
     120,
     124,
     127,
     128,
     129,
     130,
     136,
     137,
     142,
     145
    ],
    "n_diverging": 113,
    "boundary_excluded_frames": null,
    "n_boundary_excluded": 0,
    "boundary_excluded_rate": 0.0,
    "boundary_eps": 0.001,
    "threshold": 0.3,
    "max_boundary_rate": 0.005,
    "scores_available": true
   },
   "JailBait.mp4": {
    "PASS": true,
    "n_frames": 285,
    "diverging_frames": null,
    "n_diverging": 0,
    "boundary_excluded_frames": null,
    "n_boundary_excluded": 0,
    "boundary_excluded_rate": 0.0,
    "boundary_eps": 0.001,
    "threshold": 0.3,
    "max_boundary_rate": 0.005,
    "scores_available": true
   },
   "20000LeaguesUndertheSea.mp4": {
    "PASS": true,
    "n_frames": 395,
    "diverging_frames": null,
    "n_diverging": 0,
    "boundary_excluded_frames": null,
    "n_boundary_excluded": 0,
    "boundary_excluded_rate": 0.0,
    "boundary_eps": 0.001,
    "threshold": 0.3,
    "max_boundary_rate": 0.005,
    "scores_available": true
   },
   "LouisianaHussy_319.mp4": {
    "PASS": true,
    "n_frames": 339,
    "diverging_frames": null,
    "n_diverging": 0,
    "boundary_excluded_frames": null,
    "n_boundary_excluded": 0,
    "boundary_excluded_rate": 0.0,
    "boundary_eps": 0.001,
    "threshold": 0.3,
    "max_boundary_rate": 0.005,
    "scores_available": true
   },
   "Gung_Ho.mp4": {
    "PASS": false,
    "n_frames": 344,
    "diverging_frames": [
     1,
     9,
     14,
     18,
     20,
     21,
     23,
     25,
     29,
     33,
     36,
     39,
     42,
     43,
     45,
     46,
     47,
     50,
     55,
     56,
     58,
     59,
     60,
     61,
     62,
     65,
     69,
     71,
     73,
     75,
     78,
     80,
     82,
     84,
     87,
     88,
     90,
     91,
     93,
     95,
     96,
     97,
     98,
     100,
     101,
     103,
     105,
     106,
     108,
     109
    ],
    "n_diverging": 161,
    "boundary_excluded_frames": [
     226
    ],
    "n_boundary_excluded": 1,
    "boundary_excluded_rate": 0.002907,
    "boundary_eps": 0.001,
    "threshold": 0.3,
    "max_boundary_rate": 0.005,
    "scores_available": true
   },
   "Eisenstein-October.mp4": {
    "PASS": true,
    "n_frames": 409,
    "diverging_frames": null,
    "n_diverging": 0,
    "boundary_excluded_frames": null,
    "n_boundary_excluded": 0,
    "boundary_excluded_rate": 0.0,
    "boundary_eps": 0.001,
    "threshold": 0.3,
    "max_boundary_rate": 0.005,
    "scores_available": true
   },
   "LadyofBurlesque.mp4": {
    "PASS": true,
    "n_frames": 361,
    "diverging_frames": null,
    "n_diverging": 0,
    "boundary_excluded_frames": null,
    "n_boundary_excluded": 0,
    "boundary_excluded_rate": 0.0,
    "boundary_eps": 0.001,
    "threshold": 0.3,
    "max_boundary_rate": 0.005,
    "scores_available": true
   },
   "AtWarWithTheArmy.mp4": {
    "PASS": false,
    "n_frames": 362,
    "diverging_frames": [
     6,
     7,
     10,
     11,
     13,
     14,
     15,
     19,
     20,
     21,
     26,
     27,
     28,
     29,
     30,
     31,
     32,
     36,
     47,
     49,
     51,
     56,
     59,
     60,
     61,
     62,
     65,
     73,
     75,
     76,
     77,
     81,
     84,
     85,
     89,
     90,
     92,
     93,
     94,
     95,
     100,
     101,
     102,
     106,
     107,
     108,
     115,
     118,
     120,
     122
    ],
    "n_diverging": 174,
    "boundary_excluded_frames": null,
    "n_boundary_excluded": 0,
    "boundary_excluded_rate": 0.0,
    "boundary_eps": 0.001,
    "threshold": 0.3,
    "max_boundary_rate": 0.005,
    "scores_available": true
   },
   "Mastertouch.mp4": {
    "PASS": false,
    "n_frames": 369,
    "diverging_frames": [
     1,
     2,
     3,
     6,
     9,
     16,
     17,
     24,
     26,
     27,
     29,
     30,
     32,
     33,
     35,
     36,
     41,
     42,
     47,
     48,
     56,
     57,
     58,
     60,
     61,
     64,
     66,
     70,
     71,
     74,
     75,
     77,
     79,
     83,
     84,
     87,
     89,
     91,
     93,
     94,
     95,
     98,
     102,
     105,
     107,
     110,
     113,
     114,
     115,
     118
    ],
    "n_diverging": 157,
    "boundary_excluded_frames": null,
    "n_boundary_excluded": 0,
    "boundary_excluded_rate": 0.0,
    "boundary_eps": 0.001,
    "threshold": 0.3,
    "max_boundary_rate": 0.005,
    "scores_available": true
   },
   "Mr._Wong_Detective.mp4": {
    "PASS": false,
    "n_frames": 274,
    "diverging_frames": [
     5,
     6,
     7,
     11,
     13,
     16,
     22,
     24,
     27,
     28,
     29,
     31,
     33,
     34,
     35,
     37,
     38,
     39,
     40,
     41,
     43,
     47,
     54,
     55,
     59,
     60,
     61,
     64,
     65,
     67,
     68,
     69,
     71,
     77,
     78,
     79,
     80,
     81,
     82,
     83,
     85,
     87,
     88,
     89,
     90,
     91,
     92,
     93,
     94,
     95
    ],
    "n_diverging": 144,
    "boundary_excluded_frames": null,
    "n_boundary_excluded": 0,
    "boundary_excluded_rate": 0.0,
    "boundary_eps": 0.001,
    "threshold": 0.3,
    "max_boundary_rate": 0.005,
    "scores_available": true
   },
   "DiaryOfANudistwidescreen.mp4": {
    "PASS": false,
    "n_frames": 287,
    "diverging_frames": [
     2,
     3,
     6,
     12,
     13,
     14,
     22,
     24,
     29,
     32,
     33,
     38,
     46,
     47,
     52,
     57,
     58,
     60,
     62,
     65,
     67,
     69,
     70,
     71,
     74,
     77,
     81,
     82,
     83,
     89,
     90,
     96,
     101,
     106,
     108,
     109,
     112,
     115,
     116,
     117,
     119,
     121,
     124,
     125,
     126,
     132,
     133,
     139,
     140,
     141
    ],
    "n_diverging": 103,
    "boundary_excluded_frames": null,
    "n_boundary_excluded": 0,
    "boundary_excluded_rate": 0.0,
    "boundary_eps": 0.001,
    "threshold": 0.3,
    "max_boundary_rate": 0.005,
    "scores_available": true
   },
   "ABucketofBlood.mp4": {
    "PASS": false,
    "n_frames": 262,
    "diverging_frames": [
     2,
     3,
     4,
     8,
     10,
     12,
     17,
     19,
     20,
     21,
     22,
     23,
     24,
     25,
     26,
     27,
     30,
     34,
     35,
     37,
     38,
     39,
     40,
     42,
     43,
     44,
     48,
     49,
     50,
     51,
     52,
     54,
     55,
     56,
     57,
     60,
     62,
     63,
     64,
     66,
     67,
     68,
     69,
     70,
     72,
     73,
     75,
     76,
     79,
     86
    ],
    "n_diverging": 134,
    "boundary_excluded_frames": null,
    "n_boundary_excluded": 0,
    "boundary_excluded_rate": 0.0,
    "boundary_eps": 0.001,
    "threshold": 0.3,
    "max_boundary_rate": 0.005,
    "scores_available": true
   },
   "HorrorHotel1960.mp4": {
    "PASS": false,
    "n_frames": 306,
    "diverging_frames": [
     0,
     6,
     7,
     8,
     10,
     12,
     13,
     14,
     20,
     21,
     24,
     26,
     27,
     28,
     29,
     30,
     32,
     33,
     34,
     38,
     39,
     40,
     45,
     46,
     48,
     50,
     51,
     53,
     55,
     58,
     61,
     73,
     74,
     75,
     79,
     86,
     90,
     92,
     97,
     98,
     99,
     101,
     102,
     104,
     107,
     110,
     118,
     119,
     120,
     124
    ],
    "n_diverging": 127,
    "boundary_excluded_frames": null,
    "n_boundary_excluded": 0,
    "boundary_excluded_rate": 0.0,
    "boundary_eps": 0.001,
    "threshold": 0.3,
    "max_boundary_rate": 0.005,
    "scores_available": true
   },
   "TheMarinesareComing.mp4": {
    "PASS": false,
    "n_frames": 284,
    "diverging_frames": [
     2,
     3,
     5,
     6,
     10,
     11,
     12,
     13,
     14,
     15,
     19,
     23,
     25,
     34,
     35,
     36,
     37,
     38,
     40,
     43,
     44,
     46,
     47,
     50,
     51,
     52,
     54,
     55,
     58,
     59,
     60,
     62,
     64,
     72,
     76,
     78,
     79,
     91,
     92,
     94,
     96,
     97,
     98,
     99,
     101,
     102,
     103,
     107,
     108,
     112
    ],
    "n_diverging": 126,
    "boundary_excluded_frames": null,
    "n_boundary_excluded": 0,
    "boundary_excluded_rate": 0.0,
    "boundary_eps": 0.001,
    "threshold": 0.3,
    "max_boundary_rate": 0.005,
    "scores_available": true
   },
   "Sabotage_1936.mp4": {
    "PASS": false,
    "n_frames": 304,
    "diverging_frames": [
     3,
     6,
     8,
     12,
     13,
     17,
     22,
     23,
     25,
     26,
     28,
     29,
     30,
     31,
     37,
     39,
     42,
     43,
     44,
     45,
     46,
     48,
     49,
     51,
     55,
     56,
     57,
     58,
     60,
     63,
     69,
     72,
     75,
     79,
     86,
     87,
     88,
     89,
     90,
     93,
     94,
     96,
     100,
     104,
     105,
     106,
     107,
     112,
     113,
     114
    ],
    "n_diverging": 148,
    "boundary_excluded_frames": null,
    "n_boundary_excluded": 0,
    "boundary_excluded_rate": 0.0,
    "boundary_eps": 0.001,
    "threshold": 0.3,
    "max_boundary_rate": 0.005,
    "scores_available": true
   },
   "TheWomanInGreen1945.mp4": {
    "PASS": false,
    "n_frames": 258,
    "diverging_frames": [
     4,
     5,
     6,
     7,
     8,
     9,
     10,
     11,
     17,
     19,
     21,
     22,
     23,
     25,
     26,
     27,
     28,
     29,
     30,
     31,
     32,
     33,
     38,
     39,
     41,
     43,
     44,
     45,
     50,
     56,
     57,
     59,
     63,
     65,
     69,
     70,
     72,
     73,
     74,
     77,
     78,
     79,
     81,
     84,
     87,
     90,
     95,
     96,
     97,
     99
    ],
    "n_diverging": 124,
    "boundary_excluded_frames": null,
    "n_boundary_excluded": 0,
    "boundary_excluded_rate": 0.0,
    "boundary_eps": 0.001,
    "threshold": 0.3,
    "max_boundary_rate": 0.005,
    "scores_available": true
   },
   "TheGolem_893.mp4": {
    "PASS": true,
    "n_frames": 406,
    "diverging_frames": null,
    "n_diverging": 0,
    "boundary_excluded_frames": null,
    "n_boundary_excluded": 0,
    "boundary_excluded_rate": 0.0,
    "boundary_eps": 0.001,
    "threshold": 0.3,
    "max_boundary_rate": 0.005,
    "scores_available": true
   },
   "TheyMadeMeAKiller.mp4": {
    "PASS": false,
    "n_frames": 257,
    "diverging_frames": [
     3,
     4,
     5,
     7,
     11,
     12,
     14,
     15,
     16,
     18,
     24,
     25,
     26,
     27,
     28,
     29,
     32,
     34,
     35,
     36,
     43,
     46,
     48,
     49,
     51,
     53,
     57,
     59,
     60,
     61,
     67,
     69,
     70,
     73,
     76,
     77,
     79,
     82,
     84,
     87,
     88,
     89,
     90,
     92,
     93,
     94,
     95,
     97,
     98,
     99
    ],
    "n_diverging": 132,
    "boundary_excluded_frames": null,
    "n_boundary_excluded": 0,
    "boundary_excluded_rate": 0.0,
    "boundary_eps": 0.001,
    "threshold": 0.3,
    "max_boundary_rate": 0.005,
    "scores_available": true
   },
   "Jamaica_Inn.mp4": {
    "PASS": false,
    "n_frames": 395,
    "diverging_frames": [
     3,
     11,
     17,
     18,
     22,
     24,
     26,
     31,
     32,
     35,
     36,
     38,
     44,
     45,
     46,
     49,
     51,
     53,
     56,
     60,
     66,
     69,
     70,
     75,
     76,
     79,
     80,
     81,
     83,
     85,
     86,
     87,
     92,
     95,
     98,
     100,
     103,
     104,
     105,
     109,
     110,
     112,
     113,
     114,
     115,
     116,
     117,
     120,
     125,
     127
    ],
    "n_diverging": 140,
    "boundary_excluded_frames": null,
    "n_boundary_excluded": 0,
    "boundary_excluded_rate": 0.0,
    "boundary_eps": 0.001,
    "threshold": 0.3,
    "max_boundary_rate": 0.005,
    "scores_available": true
   },
   "ThisisNotaTest.mp4": {
    "PASS": false,
    "n_frames": 289,
    "diverging_frames": [
     4,
     6,
     7,
     8,
     9,
     10,
     13,
     14,
     17,
     19,
     20,
     22,
     23,
     24,
     26,
     27,
     31,
     32,
     38,
     40,
     44,
     46,
     48,
     52,
     53,
     57,
     58,
     62,
     63,
     66,
     67,
     68,
     70,
     72,
     76,
     77,
     79,
     82,
     85,
     90,
     91,
     97,
     102,
     103,
     105,
     107,
     109,
     110,
     111,
     112
    ],
    "n_diverging": 124,
    "boundary_excluded_frames": null,
    "n_boundary_excluded": 0,
    "boundary_excluded_rate": 0.0,
    "boundary_eps": 0.001,
    "threshold": 0.3,
    "max_boundary_rate": 0.005,
    "scores_available": true
   },
   "WorldGoneMad.mp4": {
    "PASS": false,
    "n_frames": 284,
    "diverging_frames": [
     2,
     10,
     15,
     17,
     20,
     21,
     24,
     27,
     30,
     36,
     37,
     38,
     42,
     43,
     45,
     46,
     48,
     49,
     52,
     56,
     59,
     64,
     66,
     68,
     69,
     70,
     71,
     78,
     79,
     80,
     81,
     82,
     83,
     84,
     85,
     89,
     91,
     95,
     98,
     100,
     102,
     103,
     105,
     107,
     110,
     115,
     119,
     121,
     122,
     123
    ],
    "n_diverging": 124,
    "boundary_excluded_frames": null,
    "n_boundary_excluded": 0,
    "boundary_excluded_rate": 0.0,
    "boundary_eps": 0.001,
    "threshold": 0.3,
    "max_boundary_rate": 0.005,
    "scores_available": true
   },
   "Two_Dollar_Bettor_movie.mp4": {
    "PASS": false,
    "n_frames": 286,
    "diverging_frames": [
     5,
     6,
     7,
     8,
     9,
     11,
     12,
     13,
     14,
     15,
     16,
     18,
     19,
     20,
     21,
     24,
     27,
     31,
     33,
     34,
     35,
     39,
     40,
     41,
     42,
     44,
     45,
     47,
     52,
     53,
     54,
     57,
     58,
     62,
     66,
     68,
     70,
     71,
     75,
     79,
     81,
     84,
     85,
     87,
     90,
     91,
     93,
     94,
     95,
     97
    ],
    "n_diverging": 144,
    "boundary_excluded_frames": null,
    "n_boundary_excluded": 0,
    "boundary_excluded_rate": 0.0,
    "boundary_eps": 0.001,
    "threshold": 0.3,
    "max_boundary_rate": 0.005,
    "scores_available": true
   },
   "The_Mystery_of_Mr._Wong.mp4": {
    "PASS": false,
    "n_frames": 282,
    "diverging_frames": [
     1,
     9,
     10,
     12,
     14,
     15,
     16,
     19,
     22,
     23,
     24,
     36,
     38,
     39,
     41,
     42,
     49,
     50,
     53,
     55,
     58,
     59,
     61,
     62,
     64,
     68,
     74,
     75,
     76,
     77,
     79,
     81,
     83,
     84,
     86,
     88,
     92,
     94,
     95,
     96,
     97,
     98,
     99,
     100,
     101,
     102,
     103,
     104,
     108,
     109
    ],
    "n_diverging": 124,
    "boundary_excluded_frames": null,
    "n_boundary_excluded": 0,
    "boundary_excluded_rate": 0.0,
    "boundary_eps": 0.001,
    "threshold": 0.3,
    "max_boundary_rate": 0.005,
    "scores_available": true
   },
   "TheWhiteWarrior1961.mp4": {
    "PASS": false,
    "n_frames": 342,
    "diverging_frames": [
     2,
     5,
     7,
     13,
     14,
     15,
     17,
     18,
     20,
     22,
     23,
     25,
     26,
     27,
     30,
     31,
     36,
     39,
     40,
     41,
     42,
     44,
     47,
     48,
     50,
     51,
     53,
     54,
     55,
     60,
     63,
     65,
     66,
     68,
     69,
     70,
     71,
     75,
     76,
     77,
     78,
     79,
     80,
     81,
     90,
     91,
     92,
     99,
     102,
     105
    ],
    "n_diverging": 153,
    "boundary_excluded_frames": null,
    "n_boundary_excluded": 0,
    "boundary_excluded_rate": 0.0,
    "boundary_eps": 0.001,
    "threshold": 0.3,
    "max_boundary_rate": 0.005,
    "scores_available": true
   },
   "The_Hunchback_of_Notre_Dame.mp4": {
    "PASS": true,
    "n_frames": 403,
    "diverging_frames": null,
    "n_diverging": 0,
    "boundary_excluded_frames": null,
    "n_boundary_excluded": 0,
    "boundary_excluded_rate": 0.0,
    "boundary_eps": 0.001,
    "threshold": 0.3,
    "max_boundary_rate": 0.005,
    "scores_available": true
   },
   "gammera.mp4": {
    "PASS": true,
    "n_frames": 341,
    "diverging_frames": null,
    "n_diverging": 0,
    "boundary_excluded_frames": null,
    "n_boundary_excluded": 0,
    "boundary_excluded_rate": 0.0,
    "boundary_eps": 0.001,
    "threshold": 0.3,
    "max_boundary_rate": 0.005,
    "scores_available": true
   },
   "indestructible_man.mp4": {
    "PASS": false,
    "n_frames": 284,
    "diverging_frames": [
     8,
     10,
     16,
     17,
     18,
     19,
     23,
     25,
     29,
     30,
     31,
     33,
     34,
     35,
     36,
     37,
     39,
     41,
     45,
     49,
     53,
     56,
     57,
     58,
     60,
     62,
     63,
     65,
     67,
     69,
     72,
     74,
     75,
     76,
     80,
     86,
     96,
     100,
     101,
     102,
     103,
     104,
     108,
     113,
     114,
     116,
     117,
     123,
     125,
     126
    ],
    "n_diverging": 108,
    "boundary_excluded_frames": null,
    "n_boundary_excluded": 0,
    "boundary_excluded_rate": 0.0,
    "boundary_eps": 0.001,
    "threshold": 0.3,
    "max_boundary_rate": 0.005,
    "scores_available": true
   },
   "rhythm_blues_review.mp4": {
    "PASS": false,
    "n_frames": 286,
    "diverging_frames": [
     8,
     12,
     14,
     17,
     18,
     21,
     23,
     25,
     26,
     27,
     28,
     29,
     30,
     35,
     36,
     46,
     47,
     50,
     52,
     54,
     59,
     60,
     64,
     65,
     66,
     73,
     78,
     80,
     83,
     85,
     86,
     88,
     91,
     92,
     93,
     95,
     97,
     98,
     103,
     105,
     112,
     113,
     114,
     115,
     117,
     118,
     119,
     120,
     121,
     122
    ],
    "n_diverging": 116,
    "boundary_excluded_frames": null,
    "n_boundary_excluded": 0,
    "boundary_excluded_rate": 0.0,
    "boundary_eps": 0.001,
    "threshold": 0.3,
    "max_boundary_rate": 0.005,
    "scores_available": true
   },
   "slave_in_bondage.mp4": {
    "PASS": false,
    "n_frames": 277,
    "diverging_frames": [
     5,
     8,
     9,
     11,
     15,
     16,
     18,
     19,
     20,
     23,
     24,
     27,
     29,
     31,
     32,
     33,
     34,
     35,
     38,
     39,
     40,
     45,
     47,
     48,
     49,
     52,
     55,
     56,
     58,
     61,
     62,
     63,
     64,
     65,
     67,
     69,
     70,
     71,
     72,
     77,
     78,
     79,
     80,
     81,
     83,
     86,
     87,
     88,
     89,
     95
    ],
    "n_diverging": 152,
    "boundary_excluded_frames": null,
    "n_boundary_excluded": 0,
    "boundary_excluded_rate": 0.0,
    "boundary_eps": 0.001,
    "threshold": 0.3,
    "max_boundary_rate": 0.005,
    "scores_available": true
   },
   "street_angel.mp4": {
    "PASS": false,
    "n_frames": 362,
    "diverging_frames": [
     5,
     8,
     12,
     15,
     16,
     17,
     18,
     19,
     20,
     21,
     23,
     25,
     29,
     30,
     33,
     34,
     40,
     41,
     42,
     44,
     48,
     50,
     51,
     56,
     57,
     65,
     66,
     72,
     76,
     79,
     81,
     82,
     83,
     96,
     99,
     105,
     106,
     110,
     116,
     119,
     121,
     122,
     126,
     128,
     131,
     134,
     135,
     137,
     139,
     141
    ],
    "n_diverging": 116,
    "boundary_excluded_frames": null,
    "n_boundary_excluded": 0,
    "boundary_excluded_rate": 0.0,
    "boundary_eps": 0.001,
    "threshold": 0.3,
    "max_boundary_rate": 0.005,
    "scores_available": true
   },
   "mclintok_widescreen.mp4": {
    "PASS": false,
    "n_frames": 507,
    "diverging_frames": [
     6,
     8,
     12,
     15,
     17,
     18,
     19,
     21,
     23,
     26,
     27,
     28,
     29,
     30,
     31,
     32,
     34,
     35,
     37,
     38,
     39,
     40,
     41,
     42,
     43,
     44,
     45,
     46,
     52,
     53,
     54,
     55,
     57,
     58,
     59,
     60,
     61,
     62,
     63,
     64,
     67,
     69,
     73,
     79,
     80,
     82,
     85,
     87,
     88,
     91
    ],
    "n_diverging": 264,
    "boundary_excluded_frames": null,
    "n_boundary_excluded": 0,
    "boundary_excluded_rate": 0.0,
    "boundary_eps": 0.001,
    "threshold": 0.3,
    "max_boundary_rate": 0.005,
    "scores_available": true
   },
   "parole_inc.mp4": {
    "PASS": false,
    "n_frames": 285,
    "diverging_frames": [
     10,
     11,
     12,
     14,
     17,
     18,
     19,
     21,
     22,
     23,
     24,
     25,
     27,
     28,
     29,
     31,
     33,
     34,
     35,
     36,
     37,
     39,
     42,
     43,
     45,
     46,
     47,
     48,
     52,
     53,
     54,
     55,
     56,
     57,
     59,
     60,
     61,
     62,
     63,
     65,
     67,
     69,
     70,
     72,
     73,
     74,
     75,
     76,
     77,
     81
    ],
    "n_diverging": 159,
    "boundary_excluded_frames": null,
    "n_boundary_excluded": 0,
    "boundary_excluded_rate": 0.0,
    "boundary_eps": 0.001,
    "threshold": 0.3,
    "max_boundary_rate": 0.005,
    "scores_available": true
   },
   "DoubleFeatureHell8grindhouse3.mp4": {
    "PASS": false,
    "n_frames": 664,
    "diverging_frames": [
     2,
     3,
     4,
     6,
     8,
     11,
     15,
     22,
     23,
     24,
     25,
     27,
     28,
     33,
     36,
     37,
     39,
     41,
     47,
     49,
     52,
     54,
     57,
     59,
     60,
     61,
     63,
     64,
     68,
     72,
     79,
     82,
     86,
     88,
     89,
     92,
     94,
     98,
     100,
     101,
     102,
     104,
     105,
     107,
     108,
     110,
     117,
     120,
     122,
     127
    ],
    "n_diverging": 255,
    "boundary_excluded_frames": null,
    "n_boundary_excluded": 0,
    "boundary_excluded_rate": 0.0,
    "boundary_eps": 0.001,
    "threshold": 0.3,
    "max_boundary_rate": 0.005,
    "scores_available": true
   },
   "the-grapes-of-wrath-1940.mp4": {
    "PASS": false,
    "n_frames": 519,
    "diverging_frames": [
     7,
     10,
     13,
     14,
     15,
     20,
     24,
     32,
     39,
     50,
     51,
     56,
     58,
     59,
     60,
     61,
     63,
     65,
     67,
     68,
     70,
     71,
     73,
     74,
     87,
     88,
     92,
     94,
     95,
     98,
     102,
     104,
     107,
     111,
     112,
     114,
     115,
     122,
     125,
     127,
     128,
     129,
     131,
     132,
     133,
     135,
     137,
     139,
     140,
     142
    ],
    "n_diverging": 223,
    "boundary_excluded_frames": null,
    "n_boundary_excluded": 0,
    "boundary_excluded_rate": 0.0,
    "boundary_eps": 0.001,
    "threshold": 0.3,
    "max_boundary_rate": 0.005,
    "scores_available": true
   }
  },
  "score_triage_first_failure": {
   "diagnostic_only": true,
   "eps": 0.0001,
   "n_frames_compared": 185,
   "n_frames_count_mismatch": 100,
   "max_paired_delta": 0.186603844165802,
   "all_paired_within_eps": false
  }
 },
 "char_conservation": {
  "PASS": false,
  "tol": 0.02,
  "n_pairs": 35,
  "worst_abs_deviation": 0.0411,
  "rows": [
   {
    "video": "A_Study_In_Scarlet.mp4",
    "PASS": true,
    "ratio_rr_over_li": 1.0085
   },
   {
    "video": "HouseOnBareMountain.mp4",
    "PASS": false,
    "ratio_rr_over_li": 1.0261
   },
   {
    "video": "JailBait.mp4",
    "PASS": true,
    "ratio_rr_over_li": 1.0056
   },
   {
    "video": "20000LeaguesUndertheSea.mp4",
    "PASS": true,
    "ratio_rr_over_li": 1.0011
   },
   {
    "video": "LouisianaHussy_319.mp4",
    "PASS": true,
    "ratio_rr_over_li": 0.9998
   },
   {
    "video": "Gung_Ho.mp4",
    "PASS": true,
    "ratio_rr_over_li": 1.0127
   },
   {
    "video": "Eisenstein-October.mp4",
    "PASS": true,
    "ratio_rr_over_li": 1.0023
   },
   {
    "video": "LadyofBurlesque.mp4",
    "PASS": true,
    "ratio_rr_over_li": 1.0035
   },
   {
    "video": "AtWarWithTheArmy.mp4",
    "PASS": true,
    "ratio_rr_over_li": 1.0023
   },
   {
    "video": "Mastertouch.mp4",
    "PASS": false,
    "ratio_rr_over_li": 1.0325
   },
   {
    "video": "Mr._Wong_Detective.mp4",
    "PASS": false,
    "ratio_rr_over_li": 1.0252
   },
   {
    "video": "DiaryOfANudistwidescreen.mp4",
    "PASS": false,
    "ratio_rr_over_li": 1.0305
   },
   {
    "video": "ABucketofBlood.mp4",
    "PASS": false,
    "ratio_rr_over_li": 1.0411
   },
   {
    "video": "HorrorHotel1960.mp4",
    "PASS": false,
    "ratio_rr_over_li": 1.03
   },
   {
    "video": "TheMarinesareComing.mp4",
    "PASS": false,
    "ratio_rr_over_li": 1.0252
   },
   {
    "video": "Sabotage_1936.mp4",
    "PASS": true,
    "ratio_rr_over_li": 0.9808
   },
   {
    "video": "TheWomanInGreen1945.mp4",
    "PASS": true,
    "ratio_rr_over_li": 1.0068
   },
   {
    "video": "TheGolem_893.mp4",
    "PASS": true,
    "ratio_rr_over_li": 0.9999
   },
   {
    "video": "TheyMadeMeAKiller.mp4",
    "PASS": false,
    "ratio_rr_over_li": 1.0209
   },
   {
    "video": "Jamaica_Inn.mp4",
    "PASS": false,
    "ratio_rr_over_li": 1.021
   },
   {
    "video": "ThisisNotaTest.mp4",
    "PASS": true,
    "ratio_rr_over_li": 1.0102
   },
   {
    "video": "WorldGoneMad.mp4",
    "PASS": true,
    "ratio_rr_over_li": 1.013
   },
   {
    "video": "Two_Dollar_Bettor_movie.mp4",
    "PASS": true,
    "ratio_rr_over_li": 1.0145
   },
   {
    "video": "The_Mystery_of_Mr._Wong.mp4",
    "PASS": true,
    "ratio_rr_over_li": 1.0184
   },
   {
    "video": "TheWhiteWarrior1961.mp4",
    "PASS": false,
    "ratio_rr_over_li": 1.0398
   },
   {
    "video": "The_Hunchback_of_Notre_Dame.mp4",
    "PASS": true,
    "ratio_rr_over_li": 1.0006
   },
   {
    "video": "gammera.mp4",
    "PASS": true,
    "ratio_rr_over_li": 1.0031
   },
   {
    "video": "indestructible_man.mp4",
    "PASS": true,
    "ratio_rr_over_li": 1.0197
   },
   {
    "video": "rhythm_blues_review.mp4",
    "PASS": false,
    "ratio_rr_over_li": 1.026
   },
   {
    "video": "slave_in_bondage.mp4",
    "PASS": true,
    "ratio_rr_over_li": 1.0068
   },
   {
    "video": "street_angel.mp4",
    "PASS": true,
    "ratio_rr_over_li": 1.0122
   },
   {
    "video": "mclintok_widescreen.mp4",
    "PASS": false,
    "ratio_rr_over_li": 1.0301
   },
   {
    "video": "parole_inc.mp4",
    "PASS": true,
    "ratio_rr_over_li": 1.0184
   },
   {
    "video": "DoubleFeatureHell8grindhouse3.mp4",
    "PASS": true,
    "ratio_rr_over_li": 1.0193
   },
   {
    "video": "the-grapes-of-wrath-1940.mp4",
    "PASS": false,
    "ratio_rr_over_li": 1.0353
   }
  ]
 },
 "boundary_exclusions_total": 2,
 "chunk_count_ratio": {
  "gated": false,
  "n_pairs": 35,
  "ratio_min_median_max": [
   1.15,
   1.308,
   1.482
  ],
  "per_video": {
   "A_Study_In_Scarlet.mp4": 1.306,
   "HouseOnBareMountain.mp4": 1.471,
   "JailBait.mp4": 1.31,
   "20000LeaguesUndertheSea.mp4": 1.192,
   "LouisianaHussy_319.mp4": 1.15,
   "Gung_Ho.mp4": 1.303,
   "Eisenstein-October.mp4": 1.242,
   "LadyofBurlesque.mp4": 1.308,
   "AtWarWithTheArmy.mp4": 1.272,
   "Mastertouch.mp4": 1.284,
   "Mr._Wong_Detective.mp4": 1.404,
   "DiaryOfANudistwidescreen.mp4": 1.25,
   "ABucketofBlood.mp4": 1.422,
   "HorrorHotel1960.mp4": 1.288,
   "TheMarinesareComing.mp4": 1.286,
   "Sabotage_1936.mp4": 1.256,
   "TheWomanInGreen1945.mp4": 1.318,
   "TheGolem_893.mp4": 1.261,
   "TheyMadeMeAKiller.mp4": 1.211,
   "Jamaica_Inn.mp4": 1.25,
   "ThisisNotaTest.mp4": 1.215,
   "WorldGoneMad.mp4": 1.247,
   "Two_Dollar_Bettor_movie.mp4": 1.394,
   "The_Mystery_of_Mr._Wong.mp4": 1.376,
   "TheWhiteWarrior1961.mp4": 1.378,
   "The_Hunchback_of_Notre_Dame.mp4": 1.284,
   "gammera.mp4": 1.319,
   "indestructible_man.mp4": 1.338,
   "rhythm_blues_review.mp4": 1.387,
   "slave_in_bondage.mp4": 1.336,
   "street_angel.mp4": 1.324,
   "mclintok_widescreen.mp4": 1.482,
   "parole_inc.mp4": 1.405,
   "DoubleFeatureHell8grindhouse3.mp4": 1.31,
   "the-grapes-of-wrath-1940.mp4": 1.353
  }
 },
 "n_rr": 35,
 "n_li": 35,
 "n_paired": 35,
 "rr_chunk_config_measured": {
  "chunk_size_max_observed": 3999,
  "chunk_chars_median": 3340
 },
 "li_chunk_config_measured": {
  "chunk_size_max_observed": 4000,
  "chunk_chars_median": 3992
 }
}
cross: parity/blast_p2
CROSS GATES FAILED: parity/blast_p2
{
 "basis": "ruled 16x2-vs-16x2 posture (Rulings M/O) \u2014 cross-arm comparison | DISCLOSURES: char_conservation verdict at the Phase-1 +/-2 pct default is band-cutting DATA for the films band (Ruling L equivalence note), not a calibrated headline; the gate-3 boundary-exclusion drift cap (0.5 pct/video) is LIVE and UNSIZED for films content (H16 open \u2014 do not read its verdict as calibrated).",
 "cross_detection_agreement": {
  "PASS": false,
  "armed_by_probe_run": "films-staging-20260901T203906Z-1560b286",
  "n_videos": 35,
  "failing": [
   "A_Study_In_Scarlet.mp4",
   "HouseOnBareMountain.mp4",
   "Gung_Ho.mp4",
   "AtWarWithTheArmy.mp4",
   "Mastertouch.mp4",
   "Mr._Wong_Detective.mp4",
   "DiaryOfANudistwidescreen.mp4",
   "ABucketofBlood.mp4",
   "HorrorHotel1960.mp4",
   "TheMarinesareComing.mp4",
   "Sabotage_1936.mp4",
   "TheWomanInGreen1945.mp4",
   "TheyMadeMeAKiller.mp4",
   "Jamaica_Inn.mp4",
   "ThisisNotaTest.mp4",
   "Two_Dollar_Bettor_movie.mp4",
   "WorldGoneMad.mp4",
   "The_Mystery_of_Mr._Wong.mp4",
   "TheWhiteWarrior1961.mp4",
   "indestructible_man.mp4",
   "rhythm_blues_review.mp4",
   "slave_in_bondage.mp4",
   "street_angel.mp4",
   "mclintok_widescreen.mp4",
   "parole_inc.mp4",
   "DoubleFeatureHell8grindhouse3.mp4",
   "the-grapes-of-wrath-1940.mp4"
  ],
  "per_video": {
   "A_Study_In_Scarlet.mp4": {
    "PASS": false,
    "n_frames": 285,
    "diverging_frames": [
     1,
     2,
     4,
     7,
     10,
     11,
     12,
     15,
     17,
     19,
     20,
     21,
     23,
     24,
     25,
     29,
     30,
     31,
     33,
     37,
     38,
     39,
     40,
     41,
     43,
     44,
     45,
     46,
     47,
     50,
     52,
     53,
     62,
     64,
     71,
     73,
     74,
     76,
     80,
     81,
     82,
     84,
     85,
     86,
     87,
     92,
     93,
     98,
     111,
     113
    ],
    "n_diverging": 113,
    "boundary_excluded_frames": [
     122
    ],
    "n_boundary_excluded": 1,
    "boundary_excluded_rate": 0.003509,
    "boundary_eps": 0.001,
    "threshold": 0.3,
    "max_boundary_rate": 0.005,
    "scores_available": true
   },
   "HouseOnBareMountain.mp4": {
    "PASS": false,
    "n_frames": 248,
    "diverging_frames": [
     10,
     11,
     12,
     14,
     15,
     16,
     18,
     25,
     27,
     33,
     34,
     35,
     37,
     38,
     41,
     43,
     48,
     55,
     60,
     61,
     65,
     67,
     74,
     75,
     77,
     81,
     84,
     85,
     86,
     87,
     88,
     90,
     91,
     92,
     103,
     105,
     106,
     110,
     111,
     113,
     120,
     124,
     127,
     128,
     129,
     130,
     136,
     137,
     142,
     145
    ],
    "n_diverging": 113,
    "boundary_excluded_frames": null,
    "n_boundary_excluded": 0,
    "boundary_excluded_rate": 0.0,
    "boundary_eps": 0.001,
    "threshold": 0.3,
    "max_boundary_rate": 0.005,
    "scores_available": true
   },
   "JailBait.mp4": {
    "PASS": true,
    "n_frames": 285,
    "diverging_frames": null,
    "n_diverging": 0,
    "boundary_excluded_frames": null,
    "n_boundary_excluded": 0,
    "boundary_excluded_rate": 0.0,
    "boundary_eps": 0.001,
    "threshold": 0.3,
    "max_boundary_rate": 0.005,
    "scores_available": true
   },
   "20000LeaguesUndertheSea.mp4": {
    "PASS": true,
    "n_frames": 395,
    "diverging_frames": null,
    "n_diverging": 0,
    "boundary_excluded_frames": null,
    "n_boundary_excluded": 0,
    "boundary_excluded_rate": 0.0,
    "boundary_eps": 0.001,
    "threshold": 0.3,
    "max_boundary_rate": 0.005,
    "scores_available": true
   },
   "Eisenstein-October.mp4": {
    "PASS": true,
    "n_frames": 409,
    "diverging_frames": null,
    "n_diverging": 0,
    "boundary_excluded_frames": null,
    "n_boundary_excluded": 0,
    "boundary_excluded_rate": 0.0,
    "boundary_eps": 0.001,
    "threshold": 0.3,
    "max_boundary_rate": 0.005,
    "scores_available": true
   },
   "LouisianaHussy_319.mp4": {
    "PASS": true,
    "n_frames": 339,
    "diverging_frames": null,
    "n_diverging": 0,
    "boundary_excluded_frames": null,
    "n_boundary_excluded": 0,
    "boundary_excluded_rate": 0.0,
    "boundary_eps": 0.001,
    "threshold": 0.3,
    "max_boundary_rate": 0.005,
    "scores_available": true
   },
   "Gung_Ho.mp4": {
    "PASS": false,
    "n_frames": 344,
    "diverging_frames": [
     1,
     9,
     14,
     18,
     20,
     21,
     23,
     25,
     29,
     33,
     36,
     39,
     42,
     43,
     45,
     46,
     47,
     50,
     55,
     56,
     58,
     59,
     60,
     61,
     62,
     65,
     69,
     71,
     73,
     75,
     78,
     80,
     82,
     84,
     87,
     88,
     90,
     91,
     93,
     95,
     96,
     97,
     98,
     100,
     101,
     103,
     105,
     106,
     108,
     109
    ],
    "n_diverging": 161,
    "boundary_excluded_frames": [
     226
    ],
    "n_boundary_excluded": 1,
    "boundary_excluded_rate": 0.002907,
    "boundary_eps": 0.001,
    "threshold": 0.3,
    "max_boundary_rate": 0.005,
    "scores_available": true
   },
   "LadyofBurlesque.mp4": {
    "PASS": true,
    "n_frames": 361,
    "diverging_frames": null,
    "n_diverging": 0,
    "boundary_excluded_frames": null,
    "n_boundary_excluded": 0,
    "boundary_excluded_rate": 0.0,
    "boundary_eps": 0.001,
    "threshold": 0.3,
    "max_boundary_rate": 0.005,
    "scores_available": true
   },
   "AtWarWithTheArmy.mp4": {
    "PASS": false,
    "n_frames": 362,
    "diverging_frames": [
     6,
     7,
     10,
     11,
     13,
     14,
     15,
     19,
     20,
     21,
     26,
     27,
     28,
     29,
     30,
     31,
     32,
     36,
     47,
     49,
     51,
     56,
     59,
     60,
     61,
     62,
     65,
     73,
     75,
     76,
     77,
     81,
     84,
     85,
     89,
     90,
     92,
     93,
     94,
     95,
     100,
     101,
     102,
     106,
     107,
     108,
     115,
     118,
     120,
     122
    ],
    "n_diverging": 174,
    "boundary_excluded_frames": null,
    "n_boundary_excluded": 0,
    "boundary_excluded_rate": 0.0,
    "boundary_eps": 0.001,
    "threshold": 0.3,
    "max_boundary_rate": 0.005,
    "scores_available": true
   },
   "Mastertouch.mp4": {
    "PASS": false,
    "n_frames": 369,
    "diverging_frames": [
     1,
     2,
     3,
     6,
     9,
     16,
     17,
     24,
     26,
     27,
     29,
     30,
     32,
     33,
     35,
     36,
     41,
     42,
     47,
     48,
     56,
     57,
     58,
     60,
     61,
     64,
     66,
     70,
     71,
     74,
     75,
     77,
     79,
     83,
     84,
     87,
     89,
     91,
     93,
     94,
     95,
     98,
     102,
     105,
     107,
     110,
     113,
     114,
     115,
     118
    ],
    "n_diverging": 157,
    "boundary_excluded_frames": null,
    "n_boundary_excluded": 0,
    "boundary_excluded_rate": 0.0,
    "boundary_eps": 0.001,
    "threshold": 0.3,
    "max_boundary_rate": 0.005,
    "scores_available": true
   },
   "Mr._Wong_Detective.mp4": {
    "PASS": false,
    "n_frames": 274,
    "diverging_frames": [
     5,
     6,
     7,
     11,
     13,
     16,
     22,
     24,
     27,
     28,
     29,
     31,
     33,
     34,
     35,
     37,
     38,
     39,
     40,
     41,
     43,
     47,
     54,
     55,
     59,
     60,
     61,
     64,
     65,
     67,
     68,
     69,
     71,
     77,
     78,
     79,
     80,
     81,
     82,
     83,
     85,
     87,
     88,
     89,
     90,
     91,
     92,
     93,
     94,
     95
    ],
    "n_diverging": 144,
    "boundary_excluded_frames": null,
    "n_boundary_excluded": 0,
    "boundary_excluded_rate": 0.0,
    "boundary_eps": 0.001,
    "threshold": 0.3,
    "max_boundary_rate": 0.005,
    "scores_available": true
   },
   "DiaryOfANudistwidescreen.mp4": {
    "PASS": false,
    "n_frames": 287,
    "diverging_frames": [
     2,
     3,
     6,
     12,
     13,
     14,
     22,
     24,
     29,
     32,
     33,
     38,
     46,
     47,
     52,
     57,
     58,
     60,
     62,
     65,
     67,
     69,
     70,
     71,
     74,
     77,
     81,
     82,
     83,
     89,
     90,
     96,
     101,
     106,
     108,
     109,
     112,
     115,
     116,
     117,
     119,
     121,
     124,
     125,
     126,
     132,
     133,
     139,
     140,
     141
    ],
    "n_diverging": 103,
    "boundary_excluded_frames": null,
    "n_boundary_excluded": 0,
    "boundary_excluded_rate": 0.0,
    "boundary_eps": 0.001,
    "threshold": 0.3,
    "max_boundary_rate": 0.005,
    "scores_available": true
   },
   "ABucketofBlood.mp4": {
    "PASS": false,
    "n_frames": 262,
    "diverging_frames": [
     2,
     3,
     4,
     8,
     10,
     12,
     17,
     19,
     20,
     21,
     22,
     23,
     24,
     25,
     26,
     27,
     30,
     34,
     35,
     37,
     38,
     39,
     40,
     42,
     43,
     44,
     48,
     49,
     50,
     51,
     52,
     54,
     55,
     56,
     57,
     60,
     62,
     63,
     64,
     66,
     67,
     68,
     69,
     70,
     72,
     73,
     75,
     76,
     79,
     86
    ],
    "n_diverging": 134,
    "boundary_excluded_frames": null,
    "n_boundary_excluded": 0,
    "boundary_excluded_rate": 0.0,
    "boundary_eps": 0.001,
    "threshold": 0.3,
    "max_boundary_rate": 0.005,
    "scores_available": true
   },
   "HorrorHotel1960.mp4": {
    "PASS": false,
    "n_frames": 306,
    "diverging_frames": [
     0,
     6,
     7,
     8,
     10,
     12,
     13,
     14,
     20,
     21,
     24,
     26,
     27,
     28,
     29,
     30,
     32,
     33,
     34,
     38,
     39,
     40,
     45,
     46,
     48,
     50,
     51,
     53,
     55,
     58,
     61,
     73,
     74,
     75,
     79,
     86,
     90,
     92,
     97,
     98,
     99,
     101,
     102,
     104,
     107,
     110,
     118,
     119,
     120,
     124
    ],
    "n_diverging": 127,
    "boundary_excluded_frames": null,
    "n_boundary_excluded": 0,
    "boundary_excluded_rate": 0.0,
    "boundary_eps": 0.001,
    "threshold": 0.3,
    "max_boundary_rate": 0.005,
    "scores_available": true
   },
   "TheMarinesareComing.mp4": {
    "PASS": false,
    "n_frames": 284,
    "diverging_frames": [
     2,
     3,
     5,
     6,
     10,
     11,
     12,
     13,
     14,
     15,
     19,
     23,
     25,
     34,
     35,
     36,
     37,
     38,
     40,
     43,
     44,
     46,
     47,
     50,
     51,
     52,
     54,
     55,
     58,
     59,
     60,
     62,
     64,
     72,
     76,
     78,
     79,
     91,
     92,
     94,
     96,
     97,
     98,
     99,
     101,
     102,
     103,
     107,
     108,
     112
    ],
    "n_diverging": 126,
    "boundary_excluded_frames": null,
    "n_boundary_excluded": 0,
    "boundary_excluded_rate": 0.0,
    "boundary_eps": 0.001,
    "threshold": 0.3,
    "max_boundary_rate": 0.005,
    "scores_available": true
   },
   "Sabotage_1936.mp4": {
    "PASS": false,
    "n_frames": 304,
    "diverging_frames": [
     3,
     6,
     8,
     12,
     13,
     17,
     22,
     23,
     25,
     26,
     28,
     29,
     30,
     31,
     37,
     39,
     42,
     43,
     44,
     45,
     46,
     48,
     49,
     51,
     55,
     56,
     57,
     58,
     60,
     63,
     69,
     72,
     75,
     79,
     86,
     87,
     88,
     89,
     90,
     93,
     94,
     96,
     100,
     104,
     105,
     106,
     107,
     112,
     113,
     114
    ],
    "n_diverging": 148,
    "boundary_excluded_frames": null,
    "n_boundary_excluded": 0,
    "boundary_excluded_rate": 0.0,
    "boundary_eps": 0.001,
    "threshold": 0.3,
    "max_boundary_rate": 0.005,
    "scores_available": true
   },
   "TheWomanInGreen1945.mp4": {
    "PASS": false,
    "n_frames": 258,
    "diverging_frames": [
     4,
     5,
     6,
     7,
     8,
     9,
     10,
     11,
     17,
     19,
     21,
     22,
     23,
     25,
     26,
     27,
     28,
     29,
     30,
     31,
     32,
     33,
     38,
     39,
     41,
     43,
     44,
     45,
     50,
     56,
     57,
     59,
     63,
     65,
     69,
     70,
     72,
     73,
     74,
     77,
     78,
     79,
     81,
     84,
     87,
     90,
     95,
     96,
     97,
     99
    ],
    "n_diverging": 124,
    "boundary_excluded_frames": null,
    "n_boundary_excluded": 0,
    "boundary_excluded_rate": 0.0,
    "boundary_eps": 0.001,
    "threshold": 0.3,
    "max_boundary_rate": 0.005,
    "scores_available": true
   },
   "TheGolem_893.mp4": {
    "PASS": true,
    "n_frames": 406,
    "diverging_frames": null,
    "n_diverging": 0,
    "boundary_excluded_frames": null,
    "n_boundary_excluded": 0,
    "boundary_excluded_rate": 0.0,
    "boundary_eps": 0.001,
    "threshold": 0.3,
    "max_boundary_rate": 0.005,
    "scores_available": true
   },
   "TheyMadeMeAKiller.mp4": {
    "PASS": false,
    "n_frames": 257,
    "diverging_frames": [
     3,
     4,
     5,
     7,
     11,
     12,
     14,
     15,
     16,
     18,
     24,
     25,
     26,
     27,
     28,
     29,
     32,
     34,
     35,
     36,
     43,
     46,
     48,
     49,
     51,
     53,
     57,
     59,
     60,
     61,
     67,
     69,
     70,
     73,
     76,
     77,
     79,
     82,
     84,
     87,
     88,
     89,
     90,
     92,
     93,
     94,
     95,
     97,
     98,
     99
    ],
    "n_diverging": 132,
    "boundary_excluded_frames": null,
    "n_boundary_excluded": 0,
    "boundary_excluded_rate": 0.0,
    "boundary_eps": 0.001,
    "threshold": 0.3,
    "max_boundary_rate": 0.005,
    "scores_available": true
   },
   "Jamaica_Inn.mp4": {
    "PASS": false,
    "n_frames": 395,
    "diverging_frames": [
     3,
     11,
     17,
     18,
     22,
     24,
     26,
     31,
     32,
     35,
     36,
     38,
     44,
     45,
     46,
     49,
     51,
     53,
     56,
     60,
     66,
     69,
     70,
     75,
     76,
     79,
     80,
     81,
     83,
     85,
     86,
     87,
     92,
     95,
     98,
     100,
     103,
     104,
     105,
     109,
     110,
     112,
     113,
     114,
     115,
     116,
     117,
     120,
     125,
     127
    ],
    "n_diverging": 140,
    "boundary_excluded_frames": null,
    "n_boundary_excluded": 0,
    "boundary_excluded_rate": 0.0,
    "boundary_eps": 0.001,
    "threshold": 0.3,
    "max_boundary_rate": 0.005,
    "scores_available": true
   },
   "ThisisNotaTest.mp4": {
    "PASS": false,
    "n_frames": 289,
    "diverging_frames": [
     4,
     6,
     7,
     8,
     9,
     10,
     13,
     14,
     17,
     19,
     20,
     22,
     23,
     24,
     26,
     27,
     31,
     32,
     38,
     40,
     44,
     46,
     48,
     52,
     53,
     57,
     58,
     62,
     63,
     66,
     67,
     68,
     70,
     72,
     76,
     77,
     79,
     82,
     85,
     90,
     91,
     97,
     102,
     103,
     105,
     107,
     109,
     110,
     111,
     112
    ],
    "n_diverging": 124,
    "boundary_excluded_frames": null,
    "n_boundary_excluded": 0,
    "boundary_excluded_rate": 0.0,
    "boundary_eps": 0.001,
    "threshold": 0.3,
    "max_boundary_rate": 0.005,
    "scores_available": true
   },
   "Two_Dollar_Bettor_movie.mp4": {
    "PASS": false,
    "n_frames": 286,
    "diverging_frames": [
     5,
     6,
     7,
     8,
     9,
     11,
     12,
     13,
     14,
     15,
     16,
     18,
     19,
     20,
     21,
     24,
     27,
     31,
     33,
     34,
     35,
     39,
     40,
     41,
     42,
     44,
     45,
     47,
     52,
     53,
     54,
     57,
     58,
     62,
     66,
     68,
     70,
     71,
     75,
     79,
     81,
     84,
     85,
     87,
     90,
     91,
     93,
     94,
     95,
     97
    ],
    "n_diverging": 144,
    "boundary_excluded_frames": null,
    "n_boundary_excluded": 0,
    "boundary_excluded_rate": 0.0,
    "boundary_eps": 0.001,
    "threshold": 0.3,
    "max_boundary_rate": 0.005,
    "scores_available": true
   },
   "WorldGoneMad.mp4": {
    "PASS": false,
    "n_frames": 284,
    "diverging_frames": [
     2,
     10,
     15,
     17,
     20,
     21,
     24,
     27,
     30,
     36,
     37,
     38,
     42,
     43,
     45,
     46,
     48,
     49,
     52,
     56,
     59,
     64,
     66,
     68,
     69,
     70,
     71,
     78,
     79,
     80,
     81,
     82,
     83,
     84,
     85,
     89,
     91,
     95,
     98,
     100,
     102,
     103,
     105,
     107,
     110,
     115,
     119,
     121,
     122,
     123
    ],
    "n_diverging": 124,
    "boundary_excluded_frames": null,
    "n_boundary_excluded": 0,
    "boundary_excluded_rate": 0.0,
    "boundary_eps": 0.001,
    "threshold": 0.3,
    "max_boundary_rate": 0.005,
    "scores_available": true
   },
   "The_Mystery_of_Mr._Wong.mp4": {
    "PASS": false,
    "n_frames": 282,
    "diverging_frames": [
     1,
     9,
     10,
     12,
     14,
     15,
     16,
     19,
     22,
     23,
     24,
     36,
     38,
     39,
     41,
     42,
     49,
     50,
     53,
     55,
     58,
     59,
     61,
     62,
     64,
     68,
     74,
     75,
     76,
     77,
     79,
     81,
     83,
     84,
     86,
     88,
     92,
     94,
     95,
     96,
     97,
     98,
     99,
     100,
     101,
     102,
     103,
     104,
     108,
     109
    ],
    "n_diverging": 124,
    "boundary_excluded_frames": null,
    "n_boundary_excluded": 0,
    "boundary_excluded_rate": 0.0,
    "boundary_eps": 0.001,
    "threshold": 0.3,
    "max_boundary_rate": 0.005,
    "scores_available": true
   },
   "The_Hunchback_of_Notre_Dame.mp4": {
    "PASS": true,
    "n_frames": 403,
    "diverging_frames": null,
    "n_diverging": 0,
    "boundary_excluded_frames": null,
    "n_boundary_excluded": 0,
    "boundary_excluded_rate": 0.0,
    "boundary_eps": 0.001,
    "threshold": 0.3,
    "max_boundary_rate": 0.005,
    "scores_available": true
   },
   "TheWhiteWarrior1961.mp4": {
    "PASS": false,
    "n_frames": 342,
    "diverging_frames": [
     2,
     5,
     7,
     13,
     14,
     15,
     17,
     18,
     20,
     22,
     23,
     25,
     26,
     27,
     30,
     31,
     36,
     39,
     40,
     41,
     42,
     44,
     47,
     48,
     50,
     51,
     53,
     54,
     55,
     60,
     63,
     65,
     66,
     68,
     69,
     70,
     71,
     75,
     76,
     77,
     78,
     79,
     80,
     81,
     90,
     91,
     92,
     99,
     102,
     105
    ],
    "n_diverging": 153,
    "boundary_excluded_frames": null,
    "n_boundary_excluded": 0,
    "boundary_excluded_rate": 0.0,
    "boundary_eps": 0.001,
    "threshold": 0.3,
    "max_boundary_rate": 0.005,
    "scores_available": true
   },
   "gammera.mp4": {
    "PASS": true,
    "n_frames": 341,
    "diverging_frames": null,
    "n_diverging": 0,
    "boundary_excluded_frames": null,
    "n_boundary_excluded": 0,
    "boundary_excluded_rate": 0.0,
    "boundary_eps": 0.001,
    "threshold": 0.3,
    "max_boundary_rate": 0.005,
    "scores_available": true
   },
   "indestructible_man.mp4": {
    "PASS": false,
    "n_frames": 284,
    "diverging_frames": [
     8,
     10,
     16,
     17,
     18,
     19,
     23,
     25,
     29,
     30,
     31,
     33,
     34,
     35,
     36,
     37,
     39,
     41,
     45,
     49,
     53,
     56,
     57,
     58,
     60,
     62,
     63,
     65,
     67,
     69,
     72,
     74,
     75,
     76,
     80,
     86,
     96,
     100,
     101,
     102,
     103,
     104,
     108,
     113,
     114,
     116,
     117,
     123,
     125,
     126
    ],
    "n_diverging": 108,
    "boundary_excluded_frames": null,
    "n_boundary_excluded": 0,
    "boundary_excluded_rate": 0.0,
    "boundary_eps": 0.001,
    "threshold": 0.3,
    "max_boundary_rate": 0.005,
    "scores_available": true
   },
   "rhythm_blues_review.mp4": {
    "PASS": false,
    "n_frames": 286,
    "diverging_frames": [
     8,
     12,
     14,
     17,
     18,
     21,
     23,
     25,
     26,
     27,
     28,
     29,
     30,
     35,
     36,
     46,
     47,
     50,
     52,
     54,
     59,
     60,
     64,
     65,
     66,
     73,
     78,
     80,
     83,
     85,
     86,
     88,
     91,
     92,
     93,
     95,
     97,
     98,
     103,
     105,
     112,
     113,
     114,
     115,
     117,
     118,
     119,
     120,
     121,
     122
    ],
    "n_diverging": 116,
    "boundary_excluded_frames": null,
    "n_boundary_excluded": 0,
    "boundary_excluded_rate": 0.0,
    "boundary_eps": 0.001,
    "threshold": 0.3,
    "max_boundary_rate": 0.005,
    "scores_available": true
   },
   "slave_in_bondage.mp4": {
    "PASS": false,
    "n_frames": 277,
    "diverging_frames": [
     5,
     8,
     9,
     11,
     15,
     16,
     18,
     19,
     20,
     23,
     24,
     27,
     29,
     31,
     32,
     33,
     34,
     35,
     38,
     39,
     40,
     45,
     47,
     48,
     49,
     52,
     55,
     56,
     58,
     61,
     62,
     63,
     64,
     65,
     67,
     69,
     70,
     71,
     72,
     77,
     78,
     79,
     80,
     81,
     83,
     86,
     87,
     88,
     89,
     95
    ],
    "n_diverging": 152,
    "boundary_excluded_frames": null,
    "n_boundary_excluded": 0,
    "boundary_excluded_rate": 0.0,
    "boundary_eps": 0.001,
    "threshold": 0.3,
    "max_boundary_rate": 0.005,
    "scores_available": true
   },
   "street_angel.mp4": {
    "PASS": false,
    "n_frames": 362,
    "diverging_frames": [
     5,
     8,
     12,
     15,
     16,
     17,
     18,
     19,
     20,
     21,
     23,
     25,
     29,
     30,
     33,
     34,
     40,
     41,
     42,
     44,
     48,
     50,
     51,
     56,
     57,
     65,
     66,
     72,
     76,
     79,
     81,
     82,
     83,
     96,
     99,
     105,
     106,
     110,
     116,
     119,
     121,
     122,
     126,
     128,
     131,
     134,
     135,
     137,
     139,
     141
    ],
    "n_diverging": 116,
    "boundary_excluded_frames": null,
    "n_boundary_excluded": 0,
    "boundary_excluded_rate": 0.0,
    "boundary_eps": 0.001,
    "threshold": 0.3,
    "max_boundary_rate": 0.005,
    "scores_available": true
   },
   "mclintok_widescreen.mp4": {
    "PASS": false,
    "n_frames": 507,
    "diverging_frames": [
     6,
     8,
     12,
     15,
     17,
     18,
     19,
     21,
     23,
     26,
     27,
     28,
     29,
     30,
     31,
     32,
     34,
     35,
     37,
     38,
     39,
     40,
     41,
     42,
     43,
     44,
     45,
     46,
     52,
     53,
     54,
     55,
     57,
     58,
     59,
     60,
     61,
     62,
     63,
     64,
     67,
     69,
     73,
     79,
     80,
     82,
     85,
     87,
     88,
     91
    ],
    "n_diverging": 264,
    "boundary_excluded_frames": null,
    "n_boundary_excluded": 0,
    "boundary_excluded_rate": 0.0,
    "boundary_eps": 0.001,
    "threshold": 0.3,
    "max_boundary_rate": 0.005,
    "scores_available": true
   },
   "parole_inc.mp4": {
    "PASS": false,
    "n_frames": 285,
    "diverging_frames": [
     10,
     11,
     12,
     14,
     17,
     18,
     19,
     21,
     22,
     23,
     24,
     25,
     27,
     28,
     29,
     31,
     33,
     34,
     35,
     36,
     37,
     39,
     42,
     43,
     45,
     46,
     47,
     48,
     52,
     53,
     54,
     55,
     56,
     57,
     59,
     60,
     61,
     62,
     63,
     65,
     67,
     69,
     70,
     72,
     73,
     74,
     75,
     76,
     77,
     81
    ],
    "n_diverging": 159,
    "boundary_excluded_frames": null,
    "n_boundary_excluded": 0,
    "boundary_excluded_rate": 0.0,
    "boundary_eps": 0.001,
    "threshold": 0.3,
    "max_boundary_rate": 0.005,
    "scores_available": true
   },
   "DoubleFeatureHell8grindhouse3.mp4": {
    "PASS": false,
    "n_frames": 664,
    "diverging_frames": [
     2,
     3,
     4,
     6,
     8,
     11,
     15,
     22,
     23,
     24,
     25,
     27,
     28,
     33,
     36,
     37,
     39,
     41,
     47,
     49,
     52,
     54,
     57,
     59,
     60,
     61,
     63,
     64,
     68,
     72,
     79,
     82,
     86,
     88,
     89,
     92,
     94,
     98,
     100,
     101,
     102,
     104,
     105,
     107,
     108,
     110,
     117,
     120,
     122,
     127
    ],
    "n_diverging": 255,
    "boundary_excluded_frames": null,
    "n_boundary_excluded": 0,
    "boundary_excluded_rate": 0.0,
    "boundary_eps": 0.001,
    "threshold": 0.3,
    "max_boundary_rate": 0.005,
    "scores_available": true
   },
   "the-grapes-of-wrath-1940.mp4": {
    "PASS": false,
    "n_frames": 519,
    "diverging_frames": [
     7,
     10,
     13,
     14,
     15,
     20,
     24,
     32,
     39,
     50,
     51,
     56,
     58,
     59,
     60,
     61,
     63,
     65,
     67,
     68,
     70,
     71,
     73,
     74,
     87,
     88,
     92,
     94,
     95,
     98,
     102,
     104,
     107,
     111,
     112,
     114,
     115,
     122,
     125,
     127,
     128,
     129,
     131,
     132,
     133,
     135,
     137,
     139,
     140,
     142
    ],
    "n_diverging": 223,
    "boundary_excluded_frames": null,
    "n_boundary_excluded": 0,
    "boundary_excluded_rate": 0.0,
    "boundary_eps": 0.001,
    "threshold": 0.3,
    "max_boundary_rate": 0.005,
    "scores_available": true
   }
  },
  "score_triage_first_failure": {
   "diagnostic_only": true,
   "eps": 0.0001,
   "n_frames_compared": 185,
   "n_frames_count_mismatch": 100,
   "max_paired_delta": 0.186603844165802,
   "all_paired_within_eps": false
  }
 },
 "char_conservation": {
  "PASS": false,
  "tol": 0.02,
  "n_pairs": 35,
  "worst_abs_deviation": 0.0411,
  "rows": [
   {
    "video": "A_Study_In_Scarlet.mp4",
    "PASS": true,
    "ratio_rr_over_li": 1.0085
   },
   {
    "video": "HouseOnBareMountain.mp4",
    "PASS": false,
    "ratio_rr_over_li": 1.0261
   },
   {
    "video": "JailBait.mp4",
    "PASS": true,
    "ratio_rr_over_li": 1.0056
   },
   {
    "video": "20000LeaguesUndertheSea.mp4",
    "PASS": true,
    "ratio_rr_over_li": 1.0011
   },
   {
    "video": "Eisenstein-October.mp4",
    "PASS": true,
    "ratio_rr_over_li": 1.0023
   },
   {
    "video": "LouisianaHussy_319.mp4",
    "PASS": true,
    "ratio_rr_over_li": 0.9998
   },
   {
    "video": "Gung_Ho.mp4",
    "PASS": true,
    "ratio_rr_over_li": 1.0127
   },
   {
    "video": "LadyofBurlesque.mp4",
    "PASS": true,
    "ratio_rr_over_li": 1.0035
   },
   {
    "video": "AtWarWithTheArmy.mp4",
    "PASS": true,
    "ratio_rr_over_li": 1.0023
   },
   {
    "video": "Mastertouch.mp4",
    "PASS": false,
    "ratio_rr_over_li": 1.0325
   },
   {
    "video": "Mr._Wong_Detective.mp4",
    "PASS": false,
    "ratio_rr_over_li": 1.0252
   },
   {
    "video": "DiaryOfANudistwidescreen.mp4",
    "PASS": false,
    "ratio_rr_over_li": 1.0305
   },
   {
    "video": "ABucketofBlood.mp4",
    "PASS": false,
    "ratio_rr_over_li": 1.0411
   },
   {
    "video": "HorrorHotel1960.mp4",
    "PASS": false,
    "ratio_rr_over_li": 1.03
   },
   {
    "video": "TheMarinesareComing.mp4",
    "PASS": false,
    "ratio_rr_over_li": 1.0252
   },
   {
    "video": "Sabotage_1936.mp4",
    "PASS": true,
    "ratio_rr_over_li": 0.9808
   },
   {
    "video": "TheWomanInGreen1945.mp4",
    "PASS": true,
    "ratio_rr_over_li": 1.0068
   },
   {
    "video": "TheGolem_893.mp4",
    "PASS": true,
    "ratio_rr_over_li": 0.9999
   },
   {
    "video": "TheyMadeMeAKiller.mp4",
    "PASS": false,
    "ratio_rr_over_li": 1.0209
   },
   {
    "video": "Jamaica_Inn.mp4",
    "PASS": false,
    "ratio_rr_over_li": 1.021
   },
   {
    "video": "ThisisNotaTest.mp4",
    "PASS": true,
    "ratio_rr_over_li": 1.0102
   },
   {
    "video": "Two_Dollar_Bettor_movie.mp4",
    "PASS": true,
    "ratio_rr_over_li": 1.0145
   },
   {
    "video": "WorldGoneMad.mp4",
    "PASS": true,
    "ratio_rr_over_li": 1.013
   },
   {
    "video": "The_Mystery_of_Mr._Wong.mp4",
    "PASS": true,
    "ratio_rr_over_li": 1.0184
   },
   {
    "video": "The_Hunchback_of_Notre_Dame.mp4",
    "PASS": true,
    "ratio_rr_over_li": 1.0006
   },
   {
    "video": "TheWhiteWarrior1961.mp4",
    "PASS": false,
    "ratio_rr_over_li": 1.0398
   },
   {
    "video": "gammera.mp4",
    "PASS": true,
    "ratio_rr_over_li": 1.0031
   },
   {
    "video": "indestructible_man.mp4",
    "PASS": true,
    "ratio_rr_over_li": 1.0197
   },
   {
    "video": "rhythm_blues_review.mp4",
    "PASS": false,
    "ratio_rr_over_li": 1.026
   },
   {
    "video": "slave_in_bondage.mp4",
    "PASS": true,
    "ratio_rr_over_li": 1.0068
   },
   {
    "video": "street_angel.mp4",
    "PASS": true,
    "ratio_rr_over_li": 1.0122
   },
   {
    "video": "mclintok_widescreen.mp4",
    "PASS": false,
    "ratio_rr_over_li": 1.0301
   },
   {
    "video": "parole_inc.mp4",
    "PASS": true,
    "ratio_rr_over_li": 1.0184
   },
   {
    "video": "DoubleFeatureHell8grindhouse3.mp4",
    "PASS": true,
    "ratio_rr_over_li": 1.0193
   },
   {
    "video": "the-grapes-of-wrath-1940.mp4",
    "PASS": false,
    "ratio_rr_over_li": 1.0353
   }
  ]
 },
 "boundary_exclusions_total": 2,
 "chunk_count_ratio": {
  "gated": false,
  "n_pairs": 35,
  "ratio_min_median_max": [
   1.15,
   1.308,
   1.482
  ],
  "per_video": {
   "A_Study_In_Scarlet.mp4": 1.306,
   "HouseOnBareMountain.mp4": 1.471,
   "JailBait.mp4": 1.31,
   "20000LeaguesUndertheSea.mp4": 1.192,
   "Eisenstein-October.mp4": 1.242,
   "LouisianaHussy_319.mp4": 1.15,
   "Gung_Ho.mp4": 1.303,
   "LadyofBurlesque.mp4": 1.308,
   "AtWarWithTheArmy.mp4": 1.272,
   "Mastertouch.mp4": 1.284,
   "Mr._Wong_Detective.mp4": 1.404,
   "DiaryOfANudistwidescreen.mp4": 1.25,
   "ABucketofBlood.mp4": 1.422,
   "HorrorHotel1960.mp4": 1.288,
   "TheMarinesareComing.mp4": 1.286,
   "Sabotage_1936.mp4": 1.256,
   "TheWomanInGreen1945.mp4": 1.318,
   "TheGolem_893.mp4": 1.261,
   "TheyMadeMeAKiller.mp4": 1.211,
   "Jamaica_Inn.mp4": 1.25,
   "ThisisNotaTest.mp4": 1.215,
   "Two_Dollar_Bettor_movie.mp4": 1.394,
   "WorldGoneMad.mp4": 1.247,
   "The_Mystery_of_Mr._Wong.mp4": 1.376,
   "The_Hunchback_of_Notre_Dame.mp4": 1.284,
   "TheWhiteWarrior1961.mp4": 1.378,
   "gammera.mp4": 1.319,
   "indestructible_man.mp4": 1.338,
   "rhythm_blues_review.mp4": 1.387,
   "slave_in_bondage.mp4": 1.336,
   "street_angel.mp4": 1.324,
   "mclintok_widescreen.mp4": 1.482,
   "parole_inc.mp4": 1.405,
   "DoubleFeatureHell8grindhouse3.mp4": 1.31,
   "the-grapes-of-wrath-1940.mp4": 1.353
  }
 },
 "n_rr": 35,
 "n_li": 35,
 "n_paired": 35,
 "rr_chunk_config_measured": {
  "chunk_size_max_observed": 3999,
  "chunk_chars_median": 3340
 },
 "li_chunk_config_measured": {
  "chunk_size_max_observed": 4000,
  "chunk_chars_median": 3992
 }
}
=== FILMS RUN COMPLETE (cross_fail=1) — everything under working/video/results/films_mainrun_20260901T204015Z ===
ENTRY 26 STOP-AND-LAND: the results are IN-REPO. The box commits working/video/results/films_mainrun_20260901T204015Z and
bundles; NO laptop work pushes onto this base until ls-remote confirms the
landing. (Cut, uploaded, downloaded, verified are not landed.)
